bids_name	aor	aqi	dummy_trs	dvars_nstd	dvars_std	dvars_vstd	efc	fber	fd_mean	fd_num	fd_perc	fwhm_avg	fwhm_x	fwhm_y	fwhm_z	gcor	gsr_x	gsr_y	size_t	size_x	size_y	size_z	snr	spacing_tr	spacing_x	spacing_y	spacing_z	summary_bg_k	summary_bg_mad	summary_bg_mean	summary_bg_median	summary_bg_n	summary_bg_p05	summary_bg_p95	summary_bg_stdv	summary_fg_k	summary_fg_mad	summary_fg_mean	summary_fg_median	summary_fg_n	summary_fg_p05	summary_fg_p95	summary_fg_stdv	tsnr
sub-009_task-rest_bold	0.0031569000000000002	0.0344697285	0	75.53140059437185	1.1829444802512554	0.9924593582914573	0.3976	124769.75	0.7473175293877129	199	99.5	2.330494444444444	2.3291	2.368673333333333	2.29371	0.00406993	-0.007478880695998669	0.005722444504499435	200	80	80	45	3.1088390743128405	2.9999990463256836	3.0	3.0	3.0	147.9033	376.4592	2200.435	264.0	237068.0	4.0	8914.0	5343.3525	0.9831	23025.2236	91124.0022	93268.5	50932.0	29063.0	135422.0	30000.7759	24.986448262818158
sub-010_task-rest_bold	0.004092200000000001	0.016484553149999998	0	57.63499590618093	1.2874109262311562	1.0268522598994978	0.4385	95752.2812	0.5502646203707874	193	96.5	2.2089733333333332	2.1764433333333333	2.30072	2.1497566666666668	0.0107783	-0.004500065464526415	0.0049001662991940975	200	80	80	45	3.1476369594600007	2.9999990463256836	3.0	3.0	3.0	56.5007	4.3516	32.5856	3.0	228508.0	0.0	148.0	84.3452	1.6212	233.0548	985.0483	994.0	59492.0	338.0	1470.0	315.7898	37.38963666674681
sub-015_task-rest_bold	0.00284345	0.0456608829	0	36.64286821437186	1.0863110967839198	0.9034730254271357	0.3676	135001.6094	0.2801284918956751	124	62.0	2.5701044444444445	2.57731	2.6143733333333334	2.51863	0.00841652	-0.012353066354990005	0.010944964364171028	200	80	80	45	3.0539304211116285	2.9999990463256836	3.0	3.0	3.0	133.1057	398.9953	2265.0407	302.0	243468.0	13.0	9065.0	6242.2646	0.9779	23562.4295	108401.9942	111083.0	44532.0	30909.0	167634.0	36373.3738	25.92480083461851
sub-016_task-rest_bold	0.005148950000000001	0.01658356295	0	49.952851060402004	1.2811528592462316	1.076772839798995	0.3876	176046.0156	0.4462554605509062	168	84.0	2.5296855555555555	2.5268666666666664	2.6503533333333333	2.4118366666666664	0.0196415	-0.012351896613836288	0.010517354123294353	200	80	80	45	2.875156910552077	2.9999990463256836	3.0	3.0	3.0	194.8722	4.1813	29.8888	3.0	238946.0	0.0	129.0	90.9879	0.6236	303.4775	1113.5228	1180.0	49054.0	211.0	1663.0	410.4082	35.56769906543195
sub-017_task-rest_bold	0.0030951	0.0253789183	0	53.76617675065322	1.1688074468341705	0.9810465611557797	0.4002	170448.1875	0.4309651618059506	173	86.5	2.4360844444444445	2.42901	2.543273333333333	2.33597	0.0140729	-0.00039761612424626946	0.004455273039638996	200	80	80	45	2.864361927464441	2.9999990463256836	3.0	3.0	3.0	176.3016	2.7234	18.1469	2.0	232996.0	0.0	73.0	53.8196	0.7804	216.9993	884.2218	890.0	55004.0	268.0	1430.0	310.7121	29.394635087810457
sub-01_task-rest_bold	0.015739650000000004	0.061244662	0	44.18918370949748	0.9908182288944725	1.0592923569346735	0.3885	284656.6875	0.39714731361193106	112	56.0	2.513281111111111	2.5140433333333334	2.7167666666666666	2.3090333333333333	0.0100122	-0.008486343547701836	0.00664471834897995	200	80	80	45	3.047397070056866	2.9999990463256836	3.0	3.0	3.0	248.4943	2.808	23.7559	2.0	238298.0	0.0	101.0	78.7946	0.9682	216.608	951.8511	1000.0	49702.0	224.0	1392.0	328.1456	19.916102236427832
sub-020_task-rest_bold	0.005540149999999999	0.016172540250000002	0	38.886536842663325	1.2132529170351762	0.9879832342713571	0.3597	270486.2812	0.2365884578926747	90	45.0	2.444395555555556	2.50929	2.4351266666666667	2.38877	0.00811173	-0.008064252324402332	0.0032037338241934776	200	80	80	45	2.859102659856214	2.9999990463256836	3.0	3.0	3.0	144.1006	2.6589	16.9414	2.0	242821.0	0.0	69.0	53.1104	1.6479	235.1077	962.5294	973.0	45179.0	249.0	1476.0	340.3128	38.91358663444407
sub-023_task-rest_bold	0.00077285	0.02299149825	0	37.054984624221134	1.137020180552763	0.9188826646733675	0.3864	258121.0938	0.289669076265072	152	76.0	2.4706699999999997	2.558073333333333	2.46762	2.3863166666666666	0.00375934	-0.009053811430931091	0.00413789227604866	200	80	80	45	3.026087279703499	2.9999990463256836	3.0	3.0	3.0	126.2499	2.6926	19.3819	2.0	238085.0	0.0	82.0	59.3185	1.5453	205.5098	880.371	895.0	49915.0	232.0	1310.0	295.7585	38.18488992378116
sub-024_task-rest_bold	0.004003099999999999	0.034872565499999994	0	53.433207602663295	1.1492406776381914	1.0088382955276394	0.4174	150840.9688	0.5860372324108619	181	90.5	2.3035200000000002	2.213903333333333	2.4229766666666666	2.27368	0.0082761	-0.0065518091432750225	0.010051068849861622	200	80	80	45	3.284512053144023	2.9999990463256836	3.0	3.0	3.0	98.4382	3.9555	27.5027	3.0	232317.0	0.0	125.0	76.0816	1.2696	233.0657	1031.116	1055.0	55683.0	355.0	1508.0	321.2016	27.578477745875716
sub-025_task-rest_bold	0.0023288000000000002	0.0153185284	0	27.9785275867839	1.0082285753768845	0.9604679612060297	0.3858	197303.125	0.12905397496385845	20	10.0	2.2635633333333334	2.272533333333333	2.3689533333333332	2.1492033333333334	0.00773238	-0.008149988017976284	0.013742216862738132	200	80	80	45	2.8916435349836638	2.9999990463256836	3.0	3.0	3.0	330.0939	2.5742	18.6428	2.0	236277.0	0.0	76.0	60.3761	0.883	231.4543	952.7419	988.0	51723.0	203.0	1438.0	341.6709	41.14345653261989
sub-026_task-rest_bold	0.0014776	0.014387456299999999	0	38.15106834718591	1.1738624914572866	0.9771506283919597	0.4297	112496.5312	0.31551348685243735	151	75.5	2.4659398835137094	2.452700453085094	2.572849197456035	2.37227	0.00768907	-0.009033743292093277	0.009806022047996521	200	80	80	45	3.3969524603339534	2.9999990463256836	3.0022785663604736	3.0022785663604736	3.0	83.7833	441.6272	2868.9882	301.0	230005.0	0.0	12770.0	7868.6976	1.3907	22354.9427	98119.3491	101049.0	57995.0	32990.0	139162.0	29746.7009	43.832779119722545
sub-028_task-rest_bold	0.00419215	0.0087015375	0	27.47641577814071	1.129705779296482	1.030125235829146	0.4363	51031.2461	0.14932583925361803	45	22.5	2.3970955555555555	2.4367199999999998	2.4902833333333336	2.264283333333333	0.00748709	-0.005755417514592409	0.014199258759617805	200	80	80	45	3.1919684131834405	2.9999990463256836	3.0	3.0	3.0	95.6875	5.7274	33.5786	4.0	229807.0	0.0	146.0	89.5638	1.268	234.4104	971.0995	1001.0	58193.0	269.0	1403.0	313.5969	54.65375353163108
sub-029_task-rest_bold	0.0009658	0.0073594782	0	29.969660629648228	1.166355095226131	0.9911306093969853	0.3978	241089.0	0.14384008186689984	32	16.0	2.222211111111111	2.1547199999999997	2.3304199999999997	2.1814933333333335	0.008098	-0.016298912465572357	0.007252906449139118	200	80	80	45	3.410850495979162	2.9999990463256836	3.0	3.0	3.0	78.9589	2.8279	26.7446	2.0	237361.0	0.0	107.0	78.4735	1.6797	230.0797	1097.5907	1106.0	50639.0	421.0	1598.0	324.2561	56.090156285092235
sub-02_task-rest_bold	0.0017173	0.0114125049	0	36.480496775577876	1.2060968788944724	0.989700342311558	0.4048	118827.9531	0.13617972413064158	34	17.0	2.345811111111111	2.40833	2.4174233333333333	2.21168	0.00688048	2.7241352654527873e-05	0.012381836771965027	200	80	80	45	2.6889130807639225	2.9999990463256836	3.0	3.0	3.0	160.4206	4.237	24.4473	3.0	233527.0	0.0	97.0	73.45	1.0114	243.8765	926.5551	927.0	54473.0	223.0	1488.0	344.7458	41.48412590660155
sub-030_task-rest_bold	0.005966750000000001	0.020160283199999997	0	40.88209566321609	1.2241929115577885	1.0167077303517582	0.4027	102135.1172	0.2642441569998906	110	55.0	2.4251533333333333	2.4178833333333336	2.46549	2.3920866666666667	0.00757739	-0.009168270975351334	0.005002012476325035	200	80	80	45	2.935952445461388	2.9999990463256836	3.0	3.0	3.0	137.0112	426.5397	2820.9531	304.0	235563.0	3.0	10010.0	10075.357	0.9176	25181.0605	97678.1221	97154.0	52437.0	30698.0	152974.0	33090.8199	36.38064381387085
sub-035_task-rest_bold	0.0013569000000000003	0.00823479165	0	39.689996767236174	1.10058241356784	0.9906276985929645	0.3716	354631.9688	0.23860702565382835	114	57.0	2.47052	2.49577	2.55574	2.3600499999999998	0.0116052	-0.005321336444467306	0.0009248601854778826	200	80	80	45	2.725529071133961	2.9999990463256836	3.0	3.0	3.0	81.2751	2.8022	17.5672	2.0	239656.0	0.0	77.0	47.9408	0.3688	267.4101	886.8659	940.0	48344.0	180.0	1380.0	344.8836	39.075327303726226
sub-036_task-rest_bold	0.00145855	0.00840556865	0	30.386659574020108	1.1555198209547746	0.9946855120100505	0.4232	197866.2188	0.1318386076131133	33	16.5	2.4784	2.4064200000000002	2.6486466666666666	2.380133333333333	0.00834386	-0.009826935827732086	0.01198472548276186	200	80	80	45	3.1321617167350486	2.9999990463256836	3.0	3.0	3.0	121.7713	2.7989	25.8044	2.0	230505.0	0.0	120.0	80.9596	1.472	204.0954	861.3551	888.0	57495.0	248.0	1259.0	283.5078	49.754354095086455
sub-037_task-rest_bold	0.00813195	0.0350653924	0	42.92014262869345	1.1472310946231152	0.9716267768341703	0.4144	185719.0156	0.25460720958881033	134	67.0	2.30024	2.25932	2.407583333333333	2.233816666666667	0.00811887	-0.01118414755910635	0.01570766419172287	200	80	80	45	3.075130848038716	2.9999990463256836	3.0	3.0	3.0	211.6863	2.7231	24.9722	2.0	230983.0	0.0	106.0	82.0186	1.1213	232.3197	1009.7841	1027.0	57017.0	304.0	1534.0	333.9666	29.30291279917583
sub-038_task-rest_bold	0.00470105	0.019517827350000003	0	37.30548097603016	1.271090907788945	1.0106633459798995	0.3887	149980.625	0.17760660335955789	55	27.5	2.2364044444444446	2.2606633333333335	2.3265333333333333	2.1220166666666667	0.00623863	-0.009002456441521645	0.01138696912676096	200	80	80	45	3.1053216120397606	2.9999990463256836	3.0	3.0	3.0	213.9075	3.9164	20.364	3.0	237479.0	0.0	78.0	58.9421	1.1691	226.4191	972.0313	998.0	50521.0	263.0	1434.0	321.3806	39.89661305677146
sub-039_task-rest_bold	0.0016714499999999999	0.0090289376	0	39.41837859030151	1.3356460963316577	0.9987389212060303	0.3896	295595.6875	0.13552564929117372	29	14.5	2.200877777777778	2.1364433333333332	2.36639	2.0998	0.00616135	-0.014218538999557495	0.014444910921156406	200	80	80	45	2.85253572480867	2.9999990463256836	3.0	3.0	3.0	213.8951	252.7546	2002.7094	182.0	235648.0	1.0	8576.0	6382.2249	0.7097	24309.4062	97506.7665	99078.0	52352.0	24443.0	154751.0	34732.9756	48.34661303984467
sub-03_task-rest_bold	0.0022378999999999997	0.025352886749999998	0	32.294779993165825	1.0698943888442212	0.9296390743216082	0.3915	282072.375	0.17237218779217614	49	24.5	2.385623333333333	2.4139566666666665	2.4440133333333334	2.2989	0.0106618	-0.007498884107917547	0.0023019113577902317	200	80	80	45	3.270279605621732	2.9999990463256836	3.0	3.0	3.0	144.0004	2.7318	24.8214	2.0	236870.0	0.0	99.0	84.4982	1.4862	233.1662	1120.3011	1158.0	51130.0	309.0	1610.0	354.0947	41.26558503252454
sub-041_task-rest_bold	0.00258675	0.0132907602	0	48.87251943095479	1.2282086966331665	1.018613345778894	0.352	240717.875	0.4610812047271798	173	86.5	2.4430566666666667	2.396596666666667	2.5972933333333335	2.33528	0.0117776	-0.010898066684603691	0.008601350709795952	200	80	80	45	2.9292824651318123	2.9999990463256836	3.0	3.0	3.0	221.2976	2.5742	19.543	2.0	245891.0	0.0	83.0	63.0548	0.9597	221.4706	984.8134	1033.0	42109.0	201.0	1473.0	352.6419	43.12387240235694
sub-042_task-rest_bold	0.00547245	0.015122921899999999	0	35.58485337849249	1.239053621809046	1.036407000201005	0.3843	248349.875	0.20661534528813008	80	40.0	2.313391111111111	2.2649133333333333	2.4270333333333336	2.2482266666666666	0.00590845	-0.012414144352078438	0.0071485466323792934	200	80	80	45	3.1027869282967915	2.9999990463256836	3.0	3.0	3.0	225.3378	2.511	19.2759	2.0	237569.0	0.0	81.0	60.0203	1.2722	208.9522	997.2268	1025.0	50431.0	267.0	1481.0	330.3449	43.011877222917974
sub-043_task-rest_bold	0.0016099000000000003	0.005929621	0	30.055042247487446	1.190238198592964	1.0114870008542716	0.4479	106659.5547	0.11301098321632583	13	6.5	2.4828566666666667	2.5505566666666666	2.5315866666666667	2.366426666666667	0.0193607	-0.002387802116572857	-0.0018895260291174054	200	80	80	45	3.2865320515421446	2.9999990463256836	3.0	3.0	3.0	63.2752	4.2634	33.4746	3.0	225616.0	0.0	168.0	90.1361	1.3592	228.8036	996.0683	1025.0	62384.0	319.0	1440.0	311.8764	60.11968893231824
sub-044_task-rest_bold	0.0010172361809045226	0.01214368798994975	1	41.34930752267676	1.145879679646464	0.9982664098484847	0.4112	98520.8516	0.31896724868902276	177	88.94472361809045	2.5083388888888893	2.5769733333333336	2.5345733333333333	2.41347	0.00486156	-0.007604098413139582	0.0014025085838511586	199	80	80	45	2.9511382838538465	2.9999990463256836	3.0	3.0	3.0	144.6587	443.9176	2659.227	304.0	233966.0	1.0	11579.0	7171.6552	1.4867	19832.6483	92280.6052	95275.0	54034.0	20072.0	138240.0	32283.8543	43.71361865394283
sub-045_task-rest_bold	0.0047525499999999995	0.0531046797	0	34.72541588633166	0.9790238171859303	0.8853027937688436	0.3875	160311.0	0.2522900038929909	89	44.5	2.6004388888888887	2.5887233333333333	2.739106666666667	2.4734866666666666	0.012243	-0.009801588952541351	0.013266933150589466	200	80	80	45	2.9697580605027567	2.9999990463256836	3.0	3.0	3.0	216.498	339.9224	2032.4788	255.0	236866.0	5.0	8649.0	6292.8418	1.2244	22775.9148	101489.0523	102268.5	51134.0	32424.0	164211.0	34436.3069	26.368780524469912
sub-046_task-rest_bold	0.0017868	0.0068755523499999995	0	40.13866890402008	1.235512210201005	1.0072118590452257	0.4105	108702.375	0.3137579349127831	160	80.0	2.3665244444444444	2.34662	2.4797166666666666	2.2732366666666666	0.00279025	-0.01232609897851944	0.005556534044444561	200	80	80	45	2.860882230234029	2.9999990463256836	3.0	3.0	3.0	94.7058	4.2567	25.5417	3.0	233794.0	0.0	118.0	66.9758	0.8282	240.1819	898.5411	916.0	54206.0	226.0	1383.0	320.178	49.00541194528341
sub-047_task-rest_bold	0.009194049999999999	0.042272931500000006	0	42.80426692487436	1.0439426967839192	0.9766359247236175	0.4283	103875.4922	0.5076002549465127	183	91.5	2.5582	2.50642	2.687326666666667	2.4808533333333336	0.00315411	-0.013880734331905842	0.022685497999191284	200	80	80	45	3.0538329191691607	2.9999990463256836	3.0	3.0	3.0	120.4349	4.2912	30.2358	3.0	229937.0	0.0	135.0	81.5026	0.8657	261.6275	1009.6696	1018.0	58063.0	313.0	1520.0	333.3487	22.566650850698352
sub-048_task-rest_bold	0.0011740000000000001	0.006658067000000001	0	39.04076391261305	1.1463041479899498	1.0021520120100498	0.3893	167342.3281	0.27897049940872526	150	75.0	2.415447777777778	2.3897333333333335	2.5754	2.28121	0.0281877	-0.013385463505983353	0.01093287393450737	200	80	80	45	2.7388277825095955	2.9999990463256836	3.0	3.0	3.0	161.8969	2.7821	21.1177	2.0	237041.0	0.0	83.0	64.2078	0.6658	254.9131	875.0745	893.0	50959.0	192.0	1367.0	326.0487	45.462841551052406
sub-049_task-rest_bold	0.0035515999999999994	0.02505870545	0	59.42512987597988	1.1783794922613071	1.0017812947236175	0.3804	207594.5625	0.6399603767599827	193	96.5	2.4510255555555553	2.5644033333333334	2.42498	2.3636933333333334	0.0182545	-0.004621225409209728	0.0024772733449935913	200	80	80	45	2.930296649027396	2.9999990463256836	3.0	3.0	3.0	81.1168	2.5033	21.8003	2.0	238798.0	0.0	97.0	60.7818	0.5132	291.6556	1076.0985	1100.0	49202.0	293.0	1671.0	375.3848	27.683141163899563
sub-04_task-rest_bold	0.00356725	0.010250846099999999	0	29.340705392763812	1.205611147788945	1.020764314321609	0.3656	494289.1562	0.1278238823818702	23	11.5	2.353765555555556	2.3264733333333334	2.470476666666667	2.264346666666667	0.0151526	-0.010638033039867878	0.004432111047208309	200	80	80	45	3.24553203765151	2.9999990463256836	3.0	3.0	3.0	228.174	1.4661	16.8262	1.0	242056.0	0.0	67.0	60.2863	1.4543	179.5508	915.4272	957.0	45944.0	241.0	1311.0	294.8637	55.65674910182133
sub-050_task-rest_bold	0.00379555	0.023409354599999998	0	57.967583334974854	1.2104455999497488	0.9974138455778894	0.3637	204153.9844	0.6035235880540449	187	93.5	2.3802855555555555	2.44115	2.37125	2.3284566666666664	0.0195663	-0.010041916742920876	0.00956553965806961	200	80	80	45	2.757874287749339	2.9999990463256836	3.0	3.0	3.0	197.092	2.886	21.0448	2.0	244756.0	0.0	88.0	61.1024	0.8798	238.1794	884.6282	904.0	43244.0	183.0	1369.0	327.7849	29.698757914127782
sub-051_task-rest_bold	0.0017054000000000001	0.008316971	0	34.21856625266332	1.1572239346733666	1.0029350747236188	0.3903	159015.9219	0.18637100952368058	65	32.5	2.500798888888889	2.50968	2.557446666666667	2.43527	0.00904365	-0.012068448588252068	0.011049875989556313	200	80	80	45	3.01707010974595	2.9999990463256836	3.0	3.0	3.0	130.9377	362.4856	2620.2414	271.0	237633.0	7.0	10235.0	9076.3432	0.9562	25340.1159	105578.135	108184.0	50367.0	25658.0	160889.0	35856.948	48.646407327381894
sub-052_task-rest_bold	0.00098905	0.00942999725	0	34.01069056447236	1.2384792002010054	0.9798527610552763	0.3888	232283.4844	0.08277292654105374	6	3.0	2.3805566666666667	2.4409933333333336	2.5047099999999998	2.1959666666666666	0.0083141	-0.008714909665286541	0.007715235929936171	200	80	80	45	2.998834981678674	2.9999990463256836	3.0	3.0	3.0	176.9814	2.615	21.3352	2.0	236493.0	0.0	92.0	68.2451	1.0275	232.7145	981.4061	1032.0	51507.0	189.0	1429.0	344.1303	50.2863590195775
sub-053_task-rest_bold	0.00237045	0.009220610550000001	0	34.43418679165827	1.09962566120603	1.0011400006030151	0.4103	114338.9453	0.30565451731242727	147	73.5	2.3754866666666667	2.35249	2.5023	2.27167	0.00557482	-0.016926702111959457	0.010659699328243732	200	80	80	45	2.8573052526555975	2.9999990463256836	3.0	3.0	3.0	70.3085	419.6788	2806.4215	293.0	234024.0	2.0	12259.0	7380.9022	0.788	27251.277	96893.5034	99220.5	53976.0	23547.0	147602.0	34724.8796	41.55084965238348
sub-055_task-rest_bold	0.026689950000000004	0.1299529705	0	50.536716576180886	0.9090315085427138	0.9209959099999999	0.3945	199771.5312	0.6438282711527634	169	84.5	2.832847777777778	2.83346	3.02149	2.6435933333333335	0.0019581	-0.009737198241055012	0.013486911542713642	200	80	80	45	2.8745838766240577	2.9999990463256836	3.0	3.0	3.0	173.5282	2.8539	26.2337	2.0	236797.0	0.0	119.0	74.7692	0.7052	253.0682	1035.2536	1072.0	51203.0	254.0	1609.0	372.9199	12.910795021452941
sub-056_task-rest_bold	0.0086503	0.0200674991	0	47.06702966567838	1.2054491094974866	1.0093496040201002	0.3781	180086.8438	0.4208940671331044	129	64.5	2.3885388888888888	2.4528333333333334	2.4125133333333335	2.30027	0.00973194	-0.0064895134419202805	8.019724918995053e-05	200	80	80	45	3.0501050459982206	2.9999990463256836	3.0	3.0	3.0	120.9991	314.2713	2031.9468	231.0	240327.0	2.0	8223.0	5931.5798	0.8181	23005.5618	93811.5485	97829.0	47673.0	24665.0	139958.0	32073.6409	33.853503816062585
sub-057_task-rest_bold	0.0043749	0.01620462315	0	33.83271763648242	1.1168242129145731	1.0109106537185935	0.3998	204724.375	0.28492339605770234	110	55.0	2.3962322222222223	2.3300533333333333	2.5132766666666666	2.3453666666666666	0.0108613	-0.009542038664221764	0.008979802019894123	200	80	80	45	3.0560788256995073	2.9999990463256836	3.0	3.0	3.0	148.1004	4.262	28.2033	3.0	236000.0	0.0	111.0	82.8223	0.9248	274.8563	1095.3047	1137.0	52000.0	265.0	1599.0	372.0418	37.74019259773195
sub-058_task-rest_bold	0.0037052499999999998	0.0337812511	0	35.643145825075415	1.0894638997989945	0.9404046449748746	0.4014	104382.8984	0.27389550036522065	145	72.5	2.470488888888889	2.51253	2.4346566666666667	2.46428	0.00826284	-0.012668376788496971	0.006565214600414038	200	80	80	45	2.7764856906860627	2.9999990463256836	3.0	3.0	3.0	158.5396	451.9116	2540.699	309.0	234833.0	1.0	9369.0	7477.6351	1.0974	25154.6864	100115.9827	99680.0	53167.0	26561.0	160948.0	35901.162	30.043703855481
sub-05_task-rest_bold	0.0013194	0.0057166846999999995	0	31.857170631758812	1.1913998531658287	1.0028678846733663	0.3648	233276.6094	0.10872034753184573	20	10.0	2.4526722222222226	2.51356	2.4744466666666667	2.37001	0.00982179	-0.011067626066505909	0.005464323330670595	200	80	80	45	2.8631375147089755	2.9999990463256836	3.0	3.0	3.0	185.4752	2.7045	18.2179	2.0	242699.0	0.0	74.0	57.8615	0.9058	229.3529	876.7711	911.0	45301.0	193.0	1333.0	318.1789	54.13455034373328
sub-060_task-rest_bold	0.0037171999999999995	0.0051159746	0	30.378238486080416	1.140295964522613	1.0242050928140696	0.4117	152208.5312	0.10508749565513342	11	5.5	2.2980055555555556	2.28649	2.47687	2.1306566666666664	0.00417836	-0.009251926094293594	0.008603313937783241	200	80	80	45	2.693783791544182	2.9999990463256836	3.0	3.0	3.0	104.8151	2.6524	20.5716	2.0	230455.0	0.0	95.0	56.9733	0.5305	245.1428	830.0495	848.0	57545.0	195.0	1329.0	314.7961	51.99966339673847
sub-061_task-rest_bold	0.0015657499999999999	0.01520605905	0	48.71880276341708	1.1051797139195978	0.9921015307537694	0.3759	183997.25	0.4339539450509982	175	87.5	2.378216666666667	2.2529833333333333	2.552846666666667	2.32882	0.00712427	-0.018971417099237442	0.025653403252363205	200	80	80	45	2.6296541602048307	2.9999990463256836	3.0	3.0	3.0	198.988	2.7597	21.8493	2.0	239853.0	0.0	81.0	75.2284	0.4578	261.9918	907.9912	930.0	48147.0	157.0	1451.0	353.655	33.46005363506265
sub-062_task-rest_bold	0.0056825	0.0167181074	0	34.277887268040224	1.076213508994974	1.0138505118592969	0.4159	96633.5859	0.3427597768900875	123	61.5	2.290024444444444	2.33511	2.33168	2.2032833333333333	0.0123487	-0.005893184337764978	0.004265808034688234	200	80	80	45	3.2749048068414357	2.9999990463256836	3.0	3.0	3.0	115.4384	485.1844	3129.7885	345.0	233870.0	4.0	14069.0	9289.5128	1.3374	22758.639	104604.3602	107196.5	54130.0	31944.0	151657.0	32732.4048	39.08726374374237
sub-063_task-rest_bold	0.0014132499999999998	0.0321045739	0	40.0844060523618	1.0446027275879393	0.9257703427135677	0.3859	266055.8438	0.36789136486903423	176	88.0	2.369403333333333	2.3975133333333334	2.3707333333333334	2.3399633333333334	0.00546116	-0.005669659934937954	0.003105507930740714	200	80	80	45	3.195861330923309	2.9999990463256836	3.0	3.0	3.0	125.3046	2.7505	22.1917	2.0	239187.0	0.0	96.0	64.7987	1.3816	214.2465	994.0005	1010.0	48813.0	332.0	1486.0	316.0305	33.289209137670696
sub-064_task-rest_bold	0.0013076000000000001	0.008064758600000001	0	32.159462943165835	1.1178425487437182	0.987970268592964	0.4174	81043.5391	0.14971892977576853	44	22.0	2.3380622222222223	2.2946733333333333	2.4003	2.3192133333333333	0.00867754	-0.011809704825282097	0.019603431224822998	200	80	80	45	3.0307711045469854	2.9999990463256836	3.0	3.0	3.0	115.5372	4.0857	28.418	3.0	232574.0	0.0	118.0	86.769	1.098	240.7269	968.9051	964.0	55426.0	324.0	1488.0	318.068	48.64297094754875
sub-065_task-rest_bold	0.00306305	0.020077710149999997	0	40.22330076130652	1.1242175217085426	1.002333412060301	0.3741	133981.4531	0.3085157270068649	132	66.0	2.419703333333333	2.3815666666666666	2.57922	2.2983233333333333	0.0123267	-0.012525261379778385	0.007567261345684528	200	80	80	45	2.7810966517790194	2.9999990463256836	3.0	3.0	3.0	241.1407	447.5357	2533.1007	372.0	239346.0	23.0	10398.0	7149.0612	0.5242	31714.819	129687.5292	136015.5	48654.0	23874.0	204516.0	48906.6434	32.52119548525661
sub-066_task-rest_bold	0.0020344	0.021840361599999997	0	36.0129117823618	1.1047901405527636	0.9718271618090459	0.3757	134148.1562	0.23620518750980363	93	46.5	2.3991433333333334	2.3545066666666665	2.4676633333333333	2.37526	0.00307388	-0.008801736868917942	0.006394724361598492	200	80	80	45	2.9417876691684715	2.9999990463256836	3.0	3.0	3.0	169.6059	418.4188	2432.1961	313.0	241236.0	13.0	9455.0	6630.3768	1.3692	25183.4118	110204.4695	114804.0	46764.0	25038.0	164050.0	39024.833	36.45306986477226
sub-067_task-rest_bold	0.00164965	0.00922566665	0	42.43878620467337	1.2692054506030146	0.991685499045226	0.3861	165431.25	0.2598241626689362	136	68.0	2.4838711111111107	2.502403333333333	2.6134066666666667	2.3358033333333332	0.00432354	-0.010185565799474716	0.009266365319490433	200	80	80	45	2.88307841403221	2.9999990463256836	3.0	3.0	3.0	208.271	2.7396	21.3628	2.0	238212.0	0.0	89.0	64.3803	0.6528	243.1859	912.4967	946.0	49788.0	200.0	1384.0	328.1182	47.28301143832505
sub-068_task-rest_bold	0.00193965	0.026937830250000003	0	54.502209361356755	1.1710746690452267	0.9959254424623109	0.4048	115095.4609	0.696572463341618	194	97.0	2.3595255555555554	2.3459933333333334	2.42318	2.3094033333333335	0.0129841	-0.012866347096860409	0.014261336997151375	200	80	80	45	3.1618210625792558	2.9999990463256836	3.0	3.0	3.0	97.3316	442.9109	3135.3972	311.0	237850.0	4.0	14435.0	8221.091	1.422	22074.2559	102849.6407	105543.5	50150.0	28272.0	150838.0	33380.2722	31.517782399314456
sub-069_task-rest_bold	0.00108095	0.0064532355000000005	0	33.89881271140704	1.2104061389949752	1.003271561105528	0.384	133821.1094	0.11611588640976696	12	6.0	2.357628888888889	2.4209466666666666	2.36239	2.2895499999999998	0.00511987	-0.007337525952607393	0.0031813420355319977	200	80	80	45	2.9754207592844475	2.9999990463256836	3.0	3.0	3.0	125.7742	3.899	23.9612	3.0	240478.0	0.0	106.0	65.731	1.0948	223.8914	949.5557	981.0	47522.0	205.0	1406.0	329.6978	55.48197464668192
sub-06_task-rest_bold	0.00149205	0.00735436255	0	33.09697490532664	1.2015351275376889	0.977503462914573	0.4085	176214.7031	0.14109791572721433	30	15.0	2.51457	2.51407	2.5487733333333336	2.4808666666666666	0.0150374	-0.011452854610979557	0.0011371755972504616	200	80	80	45	2.783647163638288	2.9999990463256836	3.0	3.0	3.0	121.1514	2.7885	22.3182	2.0	232263.0	0.0	98.0	74.2755	0.6246	239.068	831.8108	838.0	55737.0	231.0	1317.0	301.0412	49.75270218565129
sub-070_task-rest_bold	0.00176805	0.038056292150000004	0	44.79826567753771	1.0354070015577894	0.922973494472362	0.417	86580.5547	0.48538344347652485	168	84.0	2.353887777777778	2.2901633333333336	2.4518666666666666	2.3196333333333334	0.0175951	0.004900820553302765	0.012704283930361271	200	80	80	45	3.2697822951888678	2.9999990463256836	3.0	3.0	3.0	78.3597	4.1616	29.5206	3.0	234289.0	0.0	130.0	79.4247	1.2068	232.5181	982.9793	996.0	53711.0	341.0	1446.0	304.6046	28.583597936667502
sub-071_task-rest_bold	0.0019219999999999999	0.0094027615	0	30.71772239979901	1.1010253407035173	0.9990145380402015	0.4238	83304.5938	0.16687748636037592	56	28.0	2.4743633333333332	2.5193333333333334	2.5648233333333335	2.3389333333333333	0.009083	0.004369060043245554	-0.0016300055431202054	200	80	80	45	3.186020585039994	2.9999990463256836	3.0	3.0	3.0	56.2142	5.7523	38.2248	4.0	233134.0	0.0	170.0	97.5951	1.4425	254.4513	1153.4791	1199.0	54866.0	312.0	1654.0	376.3281	48.39958550175652
sub-072_task-rest_bold	0.02150385	0.04436822340000001	0	54.29427721065326	1.197838763919598	1.089513547386935	0.3747	226638.5156	0.5339557720640721	155	77.5	2.513435555555555	2.5193766666666666	2.584346666666667	2.4365833333333335	0.00323914	-0.01597655937075615	0.00948766153305769	200	80	80	45	2.8430658588762103	2.9999990463256836	3.0	3.0	3.0	196.1014	2.8008	22.4097	2.0	240897.0	0.0	95.0	71.0893	0.6309	262.6979	982.544	1009.0	47103.0	213.0	1500.0	354.8948	20.632186627481133
sub-073_task-rest_bold	0.0024952000000000004	0.0319168236	0	39.966816619246245	1.0996137105527637	0.9571881137185929	0.3702	224132.2188	0.22120503516125073	96	48.0	2.2465144444444447	2.222236666666667	2.334416666666667	2.18289	0.00400163	-0.011655245907604694	0.013893072493374348	200	80	80	45	3.202199336216064	2.9999990463256836	3.0	3.0	3.0	240.4502	2.5621	19.8186	2.0	241834.0	0.0	86.0	66.9418	1.3019	218.0245	993.8623	1027.0	46166.0	282.0	1442.0	320.7136	32.002319341292605
sub-074_task-rest_bold	0.007135	0.016392051949999997	0	35.38845972819096	1.244770735929648	1.0413548027135673	0.3856	250664.2188	0.1812295721931212	57	28.5	2.330175555555556	2.3532100000000002	2.443966666666667	2.19335	0.00469511	-0.009808911941945553	0.013179621659219265	200	80	80	45	3.054499964310814	2.9999990463256836	3.0	3.0	3.0	206.0255	2.7603	19.7814	2.0	237864.0	0.0	84.0	64.3992	1.0926	225.4306	940.5901	952.0	50136.0	286.0	1418.0	311.6682	39.29930197424255
sub-076_task-rest_bold	0.00257415	0.015449133399999999	0	35.125208648391975	1.0763886997989944	0.956612777386935	0.3898	158165.8594	0.22135778208639123	97	48.5	2.300686666666667	2.2379000000000002	2.476506666666667	2.1876533333333334	0.00523092	-0.014852391555905342	0.011159196496009827	200	80	80	45	2.7782413222872573	2.9999990463256836	3.0	3.0	3.0	103.7449	3.9634	27.4993	3.0	238574.0	0.0	122.0	79.7163	0.4528	288.2792	1000.9832	1036.0	49426.0	212.0	1541.0	372.894	35.900110909482464
sub-077_task-rest_bold	0.01882465	0.0281961917	0	55.439233780201	1.2817900527135677	1.1292119000502514	0.3899	184580.5469	0.6764203771402406	112	56.0	2.6402433333333337	2.6803133333333338	2.662383333333333	2.5780333333333334	0.0128892	-0.0061096735298633575	0.008050192147493362	200	80	80	45	2.9117450415897848	2.9999990463256836	3.0	3.0	3.0	134.7441	312.604	2532.7344	228.0	238653.0	2.0	11924.0	7633.9069	0.9017	23611.9808	94627.2261	97761.0	49347.0	20879.0	141977.0	33574.3714	28.306508759967983
sub-078_task-rest_bold	0.007586100000000001	0.018712670950000003	0	47.21632833809048	1.1739050118090444	1.0707042816080403	0.4026	45315.8047	0.4685434790341743	180	90.0	2.396662222222222	2.434013333333333	2.4588366666666666	2.2971366666666664	0.0095937	-0.0026694799307733774	0.009598714299499989	200	80	80	45	2.589158059132513	2.9999990463256836	3.0	3.0	3.0	124.5555	715.9213	3104.4882	506.0	235744.0	10.0	12105.0	7936.9294	0.5731	29904.9323	109532.6983	107623.0	52256.0	27762.0	185314.0	41566.3964	28.158348618424498
sub-079_task-rest_bold	0.0055255	0.0456567546	0	49.74764575663317	1.0503296081407034	0.9250729206532663	0.392	161824.4531	0.5077366537883128	187	93.5	2.288011111111111	2.1813233333333333	2.4225333333333334	2.2601766666666667	0.00484201	-0.01932486891746521	0.012038446962833405	200	80	80	45	3.0790687564482786	2.9999990463256836	3.0	3.0	3.0	157.0672	377.3277	2642.0228	264.0	238799.0	3.0	11365.0	7339.2506	1.0936	23129.0463	103713.4601	106162.0	49201.0	29070.0	155708.0	34478.2561	25.007514376658946
sub-07_task-rest_bold	0.009989	0.0172643936	0	38.443725682211095	1.2436851301507537	1.086980259899497	0.433	76742.2891	0.2957532431145809	107	53.5	2.374837777777778	2.40797	2.4434833333333335	2.27306	0.019207	0.004676159471273422	0.005355153698474169	200	80	80	45	3.1157029572637756	2.9999990463256836	3.0	3.0	3.0	91.982	5.3567	31.7368	4.0	229425.0	0.0	146.0	84.3739	1.301	221.7857	980.9849	1015.0	58575.0	262.0	1435.0	325.7664	39.05365828354843
sub-080_task-rest_bold	0.01096165	0.12617685	0	69.50205014130654	1.0123749244723617	0.9672542147236189	0.4306	44931.9297	1.2098438450939426	187	93.5	2.703358888888889	2.5664366666666667	2.849683333333333	2.6939566666666668	0.00494032	-0.019599031656980515	0.008110495284199715	200	80	80	45	3.270407118600339	2.9999990463256836	3.0	3.0	3.0	65.7237	634.0636	3765.6466	433.0	236503.0	3.0	18398.0	8695.4662	1.851	18327.0947	91212.7314	91693.0	51497.0	33424.0	133731.0	28036.9099	12.574806213611737
sub-081_task-rest_bold	0.00246945	0.0375942854	0	45.32042301120604	1.120778887939699	0.9552888240201005	0.4121	55110.9336	0.4079318961824702	175	87.5	2.2884344444444444	2.2808766666666664	2.2755466666666666	2.30888	0.0116371	-0.0077189188450574875	-0.0044882092624902725	200	80	80	45	3.2261521524966814	2.9999990463256836	3.0	3.0	3.0	107.3675	617.3701	3246.4072	425.0	237063.0	3.0	14291.0	8864.2897	1.4734	21128.7495	100265.5016	99694.0	50937.0	36400.0	151905.0	30901.525	30.244784821989015
sub-082_task-rest_bold	0.00098865	0.0147636251	0	49.666252855376875	1.163924875276382	0.98222291241206	0.3977	142061.7969	0.4262221383544792	175	87.5	2.594913333333333	2.6257066666666664	2.733703333333333	2.42533	0.00452669	-0.007885397411882877	0.011577481403946877	200	80	80	45	2.8653607358323443	2.9999990463256836	3.0	3.0	3.0	235.0032	352.9134	2337.9229	286.0	233802.0	19.0	9038.0	7951.0599	1.0672	23328.8675	103919.5306	107923.0	54198.0	22202.0	161304.0	37664.3691	40.31451699370518
sub-083_task-rest_bold	0.011184350000000001	0.02117499625	0	49.4451339185427	1.2228599057286442	1.044959765678392	0.382	129392.5078	0.4282164983602535	124	62.0	2.4896244444444444	2.4952099999999997	2.594933333333333	2.37873	0.0148425	-0.011027161031961441	-0.0017416429473087192	200	80	80	45	2.8250928522125967	2.9999990463256836	3.0	3.0	3.0	43.218	4.0681	24.3559	3.0	240921.0	0.0	111.0	62.4148	0.5215	253.3798	927.6381	970.0	47079.0	192.0	1419.0	343.3479	29.183497557765804
sub-084_task-rest_bold	0.00123225	0.00978577035	0	36.38068407130652	1.1888383884422111	0.9854285798492466	0.362	222057.1719	0.2615562548055804	116	58.0	2.4843566666666668	2.52033	2.65789	2.2748500000000003	0.0111298	-0.011468784883618355	0.012767212465405464	200	80	80	45	2.9421976383469906	2.9999990463256836	3.0	3.0	3.0	296.0476	293.8633	2021.5609	223.0	242938.0	6.0	7612.0	7277.6518	0.6825	23619.417	97899.5379	105215.0	45062.0	16902.0	141939.0	35760.2872	51.15933855716139
sub-085_task-rest_bold	0.0036313499999999998	0.0295397161	0	35.51570765819095	1.1146124544723615	0.933801166432161	0.4354	72921.5391	0.22156390880084675	71	35.5	2.4441144444444443	2.41769	2.43391	2.4807433333333333	0.0111123	-0.009153611026704311	-0.0005015754722990096	200	80	80	45	3.121022786902076	2.9999990463256836	3.0	3.0	3.0	87.1946	537.1316	3428.2746	367.0	229540.0	2.0	14009.0	10175.4436	1.2715	22574.3794	98078.9125	99005.0	58460.0	31840.5	149455.5	31721.7015	33.66264189360663
sub-086_task-rest_bold	0.00217315	0.00887892475	0	25.631309681758786	1.0785490305527639	1.003251751457287	0.3655	227482.0469	0.10319336769106033	16	8.0	2.4293944444444446	2.4973899999999998	2.4813633333333334	2.30943	0.0360648	-0.007630577776581049	0.009019953198730946	200	80	80	45	3.0086020451403876	2.9999990463256836	3.0	3.0	3.0	257.9839	266.5519	1945.1056	212.0	242516.0	6.0	8648.0	6553.5555	1.4708	19361.1344	98611.6613	101247.0	45484.0	25197.0	150357.0	33652.1366	54.33261143625714
sub-087_task-rest_bold	0.0013623999999999997	0.01938237485	0	68.15583542487438	1.2189730822613063	0.9849677331658296	0.4111	137161.6406	0.6778437653381344	194	97.0	2.3983933333333334	2.3697166666666667	2.44468	2.3807833333333335	0.0183206	-0.004374908749014139	0.009945410303771496	200	80	80	45	3.01296951258774	2.9999990463256836	3.0	3.0	3.0	109.7808	4.2714	30.6092	3.0	235497.0	0.0	138.0	83.0119	1.0814	247.888	979.7	1004.0	52503.0	271.0	1467.0	333.2229	34.78823483828455
sub-088_task-rest_bold	0.021989050000000003	0.06424948605	0	82.38038608427138	1.3006436295979902	1.1809428001005027	0.4048	188447.7812	1.3450640793417519	195	97.5	2.45985	2.413533333333333	2.573233333333333	2.3927833333333335	0.0224811	-0.0022221452090889215	0.023674681782722473	200	80	80	45	3.1940559249144833	2.9999990463256836	3.0	3.0	3.0	172.8993	299.7841	2404.236	214.0	235484.0	3.0	10154.0	7228.1901	1.0844	21588.5937	90179.6156	92931.0	52516.0	27417.0	131636.0	29094.7051	16.702545978245325
sub-089_task-rest_bold	0.0038160999999999994	0.043185728	0	76.3433453733668	1.134042281155779	0.9476558565326634	0.4134	66366.8984	0.9189166318267514	197	98.5	2.6431144444444445	2.5889233333333332	2.741353333333333	2.599066666666667	0.0083567	-0.010039565153419971	0.00805608369410038	200	80	80	45	2.818374518013089	2.9999990463256836	3.0	3.0	3.0	92.1426	5.5921	31.9296	4.0	235205.0	0.0	143.0	84.6331	0.8744	242.9503	939.8719	965.0	52795.0	191.0	1448.0	342.3927	22.4336398858577
sub-08_task-rest_bold	0.00321095	0.0210028354	0	29.12139757427136	1.0060848296984923	0.9398217960804018	0.4088	184122.2812	0.19217733536179982	59	29.5	2.4487544444444445	2.3993333333333333	2.49143	2.4555000000000002	0.00566014	-0.009979321621358395	0.00010520440991967916	200	80	80	45	2.851371257595578	2.9999990463256836	3.0	3.0	3.0	76.8407	288.8848	2445.25	214.0	233394.0	3.0	11760.0	6656.2732	1.0427	24396.3353	90580.0962	91971.0	54606.0	25380.0	139770.0	32254.7117	33.60207413882017
sub-090_task-rest_bold	0.0037329	0.016457073200000002	0	42.030992028592976	1.1577688532663322	1.0212959329145737	0.3792	256774.3125	0.3598052159831095	155	77.5	2.3906977777777776	2.4163566666666667	2.4523466666666667	2.30339	0.00649775	-0.00785269495099783	0.010535718873143196	200	80	80	45	2.8326189604559264	2.9999990463256836	3.0	3.0	3.0	334.4611	2.7973	18.418	2.0	238250.0	0.0	72.0	59.3632	0.7049	235.4475	908.0215	946.0	49750.0	173.0	1377.0	333.9632	35.116998551180586
sub-091_task-rest_bold	0.0014663999999999999	0.0102725095	0	34.53068022045228	1.1862925490954777	1.0042081759296477	0.4037	282074.4062	0.22289801579557067	102	51.0	2.3772122222222225	2.43024	2.516976666666667	2.18442	0.0140541	-0.0071459864266216755	0.010999535210430622	200	80	80	45	3.4148424108962327	2.9999990463256836	3.0	3.0	3.0	159.5199	2.8703	27.5338	2.0	235403.0	0.0	125.0	83.8346	1.8352	227.1949	1113.1011	1148.0	52597.0	361.0	1552.0	336.1763	53.83162525948137
sub-094_task-rest_bold	0.0015838000000000002	0.0054241588	0	35.93984076713567	1.245686926281407	1.0090964882914573	0.4213	101922.8203	0.19097440593682904	91	45.5	2.2667400000000004	2.3094	2.3137366666666668	2.1770833333333335	0.0116185	0.0011078201932832599	0.0015499400906264782	200	80	80	45	3.0929099746677906	2.9999990463256836	3.0	3.0	3.0	68.1063	4.2811	30.8131	3.0	233177.0	0.0	144.0	81.9747	1.1617	235.8814	965.1529	973.0	54823.0	301.0	1451.0	314.5876	58.13246239093132
sub-095_task-rest_bold	0.00203655	0.01805310345	0	45.22520611643216	1.159679879497487	0.9693335534170852	0.3947	196398.8906	0.3883826831778453	152	76.0	2.559617777777778	2.6394466666666667	2.58475	2.4546566666666667	0.0157216	0.0014743654755875468	0.00335701834410429	200	80	80	45	3.041541278071614	2.9999990463256836	3.0	3.0	3.0	108.0004	251.3408	1930.4478	194.0	236182.0	5.0	8781.0	5732.5114	1.249	20113.7925	84238.0265	86110.0	51818.0	24691.0	126532.0	28311.0309	37.106752136023715
sub-096_task-rest_bold	0.0017192499999999999	0.00699864	0	30.783768811959803	1.201595604070352	1.012314479396984	0.3908	207592.9531	0.13517385550802874	36	18.0	2.4269022222222225	2.4447233333333336	2.4916733333333334	2.34431	0.0104735	-0.01279255747795105	0.0005058600218035281	200	80	80	45	3.1169983382086373	2.9999990463256836	3.0	3.0	3.0	76.9911	4.1699	33.0417	3.0	240710.0	0.0	143.0	91.2157	1.1128	258.6683	1126.5152	1178.0	47290.0	252.0	1631.0	377.9237	57.808571121422574
sub-097_task-rest_bold	0.0022234	0.0089924797	0	36.6402798369849	1.1929771606030153	1.0063654996482416	0.4189	150444.9219	0.1774615001613072	65	32.5	2.4005666666666667	2.3914166666666667	2.44204	2.3682433333333335	0.0173571	-0.002694543683901429	0.0008532481151632965	200	80	80	45	3.173429722475505	2.9999990463256836	3.0	3.0	3.0	100.4239	334.5613	2597.8873	233.0	232590.0	1.0	11521.0	7267.3013	1.1238	20779.4114	86610.7152	90254.5	55410.0	22799.0	125522.0	28440.4236	47.97325312742032
sub-098_task-rest_bold	0.009059049999999999	0.0118289186	0	35.00930013623114	1.1429020109547734	1.069289922412061	0.3798	247834.6094	0.25171017525152667	51	25.5	2.484991111111111	2.4715166666666666	2.6886799999999997	2.294776666666667	0.0141287	-0.01471067313104868	0.007344897836446762	200	80	80	45	3.019463981574933	2.9999990463256836	3.0	3.0	3.0	84.9395	245.5322	2271.1312	176.0	242151.0	2.0	10328.0	6583.42	0.7018	20112.6226	81575.9054	87643.0	45849.0	15146.0	117213.0	29025.6962	40.17947973124683
sub-099_task-rest_bold	0.0043044500000000005	0.0214983279	0	25.78459781869347	1.0159651521105526	0.9651772389949742	0.3802	198340.2188	0.1928509266853521	77	38.5	2.1580355555555557	2.181016666666667	2.196896666666667	2.0961933333333334	0.00600588	-0.009884699247777462	0.006521905306726694	200	80	80	45	3.617243795711918	2.9999990463256836	3.0	3.0	3.0	171.0044	3.6675	22.7774	3.0	240737.0	0.0	99.0	70.4005	1.9987	194.718	1113.8647	1143.0	47263.0	416.0	1569.0	315.9831	44.88652577670291
sub-09_task-rest_bold	0.0015740500000000002	0.0077990509	0	28.841315207135693	1.135338307085427	0.9911728100000005	0.4127	105284.4219	0.1920312205417817	86	43.0	2.349742222222222	2.3679	2.4583233333333334	2.223003333333333	0.00862632	-0.0034835143014788628	0.005218973848968744	200	80	80	45	3.1240932763896496	2.9999990463256836	3.0	3.0	3.0	84.9475	4.2147	30.4676	3.0	234644.0	0.0	140.0	83.5455	1.159	243.2986	1017.6629	1047.0	53356.0	283.0	1502.0	335.1341	55.89367662614677
sub-100_task-rest_bold	0.0030223999999999997	0.07095404849999999	0	44.24600813959799	0.941418563015075	0.8757200344221112	0.3763	174881.7188	0.5210577733005998	191	95.5	2.565094444444444	2.5760733333333334	2.59146	2.5277499999999997	0.00409904	-0.017444832250475883	0.015834417194128036	200	80	80	45	2.975865420309314	2.9999990463256836	3.0	3.0	3.0	172.2823	2.7557	22.3142	2.0	241920.0	0.0	92.0	66.2486	1.313	194.9578	933.264	959.0	46080.0	221.0	1398.0	322.2557	23.212833353318274
sub-101_task-rest_bold	0.017219	0.0297325272	0	51.46869831919599	1.2253067537688442	1.1371203638693468	0.4077	116550.6719	0.5692674394796592	176	88.0	2.2911988888888892	2.2823733333333336	2.4246633333333336	2.16656	0.0247572	-0.012295891530811787	0.012260660529136658	200	80	80	45	2.9243868802977038	2.9999990463256836	3.0	3.0	3.0	108.2709	4.2319	27.315	3.0	236171.0	0.0	125.0	73.4185	0.7533	235.8077	910.0953	899.0	51829.0	306.0	1417.0	307.4119	23.807144031627104
sub-102_task-rest_bold	0.0010288	0.008638199950000001	0	35.364387713115576	1.1602582543216078	0.9974809044221108	0.3867	178172.6094	0.28826040253660484	161	80.5	2.275208888888889	2.3780633333333334	2.2986566666666666	2.1489066666666665	0.0116859	-0.0024385915603488684	0.004898425657302141	200	80	80	45	3.293242191802701	2.9999990463256836	3.0	3.0	3.0	137.6428	2.8394	24.0375	2.0	241163.0	0.0	102.0	68.8098	1.6014	191.7008	908.5322	943.0	46837.0	243.0	1281.0	286.3409	54.942659854423255
sub-103_task-rest_bold	0.0175308	0.026624773499999997	0	55.953242853115576	1.3259504306532672	1.1663470278894466	0.3943	164553.9844	0.5527678790777842	126	63.0	2.2878000000000003	2.3238733333333332	2.4185333333333334	2.1209933333333333	0.00777701	-0.008705710992217064	0.011520549654960632	200	80	80	45	2.677809784935713	2.9999990463256836	3.0	3.0	3.0	165.715	2.7829	23.2486	2.0	235460.0	0.0	98.0	74.69	0.615	238.5994	926.3842	937.0	52540.0	171.0	1482.0	349.9095	25.56234410649631
sub-104_task-rest_bold	0.00241215	0.0115885247	0	36.04783281492461	1.127380026482412	0.9914763550251254	0.4119	179922.4062	0.27318813080936155	118	59.0	2.2752377777777775	2.22861	2.4009	2.1962033333333335	0.00968306	-0.017303571105003357	0.014738805592060089	200	80	80	45	2.9677827578151	2.9999990463256836	3.0	3.0	3.0	111.7113	2.8015	28.5767	2.0	234361.0	0.0	124.0	89.6374	1.16	233.4563	906.3194	917.0	53639.0	246.0	1357.0	308.982	41.46570183336735
sub-105_task-rest_bold	0.00206435	0.010310540850000001	0	35.89081149834171	1.2396438576884425	1.0167605256783923	0.3845	237738.7656	0.2880928965399732	136	68.0	2.2269099999999997	2.2672	2.242183333333333	2.1713466666666665	0.0140558	-0.01629467122256756	0.02317008562386036	200	80	80	45	3.3152587164567375	2.9999990463256836	3.0	3.0	3.0	139.0945	2.5501	27.4805	2.0	239930.0	0.0	114.0	101.249	1.4403	233.6164	1092.5393	1128.0	48070.0	324.0	1560.0	340.2414	50.94567735493183
sub-106_task-rest_bold	0.007301300000000002	0.020409241300000002	0	54.86615831793972	1.2779095989447231	1.0503597868341705	0.4194	104061.5312	0.5771437645440016	181	90.5	2.561891111111111	2.53301	2.6775633333333335	2.4751	0.00694743	-0.004332543350756168	0.00858550239354372	200	80	80	45	3.040081748079006	2.9999990463256836	3.0	3.0	3.0	99.4559	4.2115	28.74	3.0	231702.0	0.0	123.0	81.1844	1.027	246.2551	977.9995	1014.0	56298.0	248.0	1443.0	333.5407	33.39059540187009
sub-108_task-rest_bold	0.01203285	0.128034223	0	67.39191383075377	0.9840496659799	0.9265203796984923	0.3782	181284.7344	1.0115162460276428	193	96.5	2.5117411111111116	2.5020466666666668	2.54104	2.4921366666666667	0.00960126	-0.013761541806161404	0.008730202913284302	200	80	80	45	3.532502805780816	2.9999990463256836	3.0	3.0	3.0	125.2081	2.8368	23.1084	2.0	242762.0	0.0	96.0	64.2424	1.5537	196.2291	1010.7342	1044.0	45238.0	372.0	1425.0	295.5379	14.927547024330124
sub-10_task-rest_bold	0.008019	0.01586469275	0	54.00936115211053	1.329967352763819	1.075599569748744	0.4132	128273.7812	0.48624955744035864	170	85.0	2.309788888888889	2.2440466666666667	2.3910966666666664	2.2942233333333335	0.016986	-0.008570237085223198	0.0036096014082431793	200	80	80	45	2.9480389466664665	2.9999990463256836	3.0	3.0	3.0	57.5668	4.2899	29.4614	3.0	234154.0	0.0	129.0	77.045	1.0543	251.0587	1008.6947	1001.0	53846.0	330.0	1578.0	339.5446	33.602122792974114
sub-110_task-rest_bold	0.0036973500000000003	0.025701602499999997	0	64.91933795768843	1.163383121909548	0.9950391949246237	0.3907	77773.2031	0.8048420921924335	199	99.5	2.3945388888888886	2.363043333333333	2.4514366666666665	2.3691366666666664	0.00533074	-0.008815985172986984	0.005860335659235716	200	80	80	45	2.9366251529904943	2.9999990463256836	3.0	3.0	3.0	87.1588	4.1823	22.5302	4.0	237484.0	0.0	101.0	63.753	0.8894	250.824	974.8681	984.0	50516.0	285.0	1522.0	335.0752	26.430629563168623
sub-111_task-rest_bold	0.00158765	0.00956293605	0	42.95924942005028	1.1559961102512561	1.0006127327638192	0.3808	118848.2031	0.3817045893942499	176	88.0	2.3713344444444444	2.43518	2.3739766666666666	2.3048466666666667	0.00590971	-0.0025994947645813227	0.0010873607825487852	200	80	80	45	2.895388212932113	2.9999990463256836	3.0	3.0	3.0	141.7381	4.2399	18.4839	3.0	238702.0	0.0	73.0	53.8937	0.6733	240.7393	917.9004	926.0	49298.0	292.0	1455.0	319.8157	40.98914697673172
sub-112_task-rest_bold	0.0150991	0.0575759155	0	75.15428038964825	1.1509347930150757	1.0593973503517595	0.4164	93336.1172	1.1286834551947775	197	98.5	2.7051133333333333	2.62837	2.962623333333333	2.5243466666666667	0.013212	-0.011880077421665192	0.018593942746520042	200	80	80	45	2.703893071212285	2.9999990463256836	3.0	3.0	3.0	148.3944	4.043	23.6329	3.0	230163.0	0.0	101.0	63.0643	0.6675	242.4062	912.4277	920.0	57837.0	229.0	1501.0	340.2472	15.804817389696836
sub-113_task-rest_bold	0.00246615	0.018538080949999997	0	42.92739806804018	1.1982430926130654	1.0075222930653267	0.448	144296.4375	0.34623404445294675	152	76.0	2.3910211111111113	2.35285	2.43979	2.3804233333333333	0.0203289	-0.01216165255755186	0.011450262740254402	200	80	80	45	3.237892149499444	2.9999990463256836	3.0	3.0	3.0	98.1057	2.8642	29.4213	2.0	224753.0	0.0	131.0	86.0512	2.1021	195.0037	899.9904	917.0	63247.0	291.0	1295.0	283.2067	36.819221403449774
sub-114_task-rest_bold	0.0035321	0.007967793400000001	0	32.45691066537691	1.2286476518090457	1.0388601516080398	0.39	199507.3594	0.13510526697623546	27	13.5	2.355586666666667	2.3542533333333333	2.4863066666666667	2.2262	0.0192849	-0.007112524937838316	0.012674554251134396	200	80	80	45	2.9551035449648344	2.9999990463256836	3.0	3.0	3.0	131.4533	2.695	23.249	2.0	238045.0	0.0	103.0	74.1151	1.0643	219.6805	896.787	936.0	49955.0	193.0	1334.0	316.737	51.47548162378371
sub-115_task-rest_bold	0.0015863	0.01641877425	0	40.14830210748742	1.1347790493467338	0.9831946807537691	0.3623	229248.4688	0.40635780322629333	169	84.5	2.3359566666666667	2.3927566666666666	2.362153333333333	2.2529600000000003	0.0108766	-0.008187476545572281	0.003754955716431141	200	80	80	45	3.156263442597319	2.9999990463256836	3.0	3.0	3.0	139.2362	2.5979	18.8638	2.0	244009.0	0.0	81.0	55.3489	1.2621	216.3439	1002.1547	1010.0	43991.0	320.0	1527.0	319.995	40.681692047044635
sub-116_task-rest_bold	0.0013510500000000001	0.012928379650000002	0	37.372875443417065	1.1841504283417086	0.9829855034170856	0.4071	122682.3516	0.2568664710898478	131	65.5	2.5140411111111116	2.509656666666667	2.601	2.4314666666666667	0.00760627	-0.002314318437129259	0.00784806814044714	200	80	80	45	2.9592433973470804	2.9999990463256836	3.0	3.0	3.0	131.5137	4.2827	29.9027	3.0	234638.0	0.0	132.0	79.0635	1.0855	245.7662	1074.0801	1126.0	53362.0	226.0	1586.0	380.4991	46.42928428237792
sub-117_task-rest_bold	0.00267525	0.0084804377	0	27.64060566788945	1.1002678597989959	1.013621182914573	0.4282	133613.0156	0.12467834900513444	14	7.0	2.434575555555556	2.3564833333333333	2.6198566666666667	2.327386666666667	0.00954925	-0.0209554061293602	0.00993822980672121	200	80	80	45	3.163701285772424	2.9999990463256836	3.0	3.0	3.0	86.337	379.9909	3277.4942	257.0	232384.0	0.0	14699.0	9203.3853	1.7603	19611.8448	91751.9719	94027.5	55616.0	25589.0	132433.0	29720.4591	50.3735241945833
sub-118_task-rest_bold	0.0020818	0.0112577034	0	29.513008712160783	1.1180453681909543	0.9879071539195977	0.4446	107656.7031	0.13115263140917946	34	17.0	2.4212322222222222	2.3580433333333333	2.52267	2.3829833333333332	0.0061094	-0.012218140065670013	0.011965060606598854	200	80	80	45	3.101511741554967	2.9999990463256836	3.0	3.0	3.0	70.3127	4.3352	35.3553	3.0	227838.0	0.0	173.0	95.7779	1.4833	225.586	946.8919	955.0	60162.0	302.0	1418.0	307.9118	45.65799250442069
sub-119_task-rest_bold	0.00116645	0.00670065385	0	30.176780806030152	1.2234326119095476	0.9931528150251261	0.3493	327646.875	0.10468429810722799	14	7.0	2.375418888888889	2.293606666666667	2.5431766666666666	2.2894733333333335	0.0112437	-0.015335450880229473	0.0059838141314685345	200	80	80	45	2.925566230304547	2.9999990463256836	3.0	3.0	3.0	132.4036	2.698	22.9614	2.0	246957.0	0.0	94.0	68.2232	0.8785	269.3489	1134.1357	1199.0	41043.0	220.0	1671.0	409.8302	58.795222314074636
sub-11_task-rest_bold	0.006486699999999999	0.013238845650000003	0	35.574770845929635	1.1951274507537688	1.074275273366834	0.3796	154360.4531	0.23233187816072431	85	42.5	2.41337	2.4575566666666666	2.4819999999999998	2.3005533333333332	0.00962402	-0.009837656281888485	0.008455807343125343	200	80	80	45	2.953495692697989	2.9999990463256836	3.0	3.0	3.0	182.0184	4.2568	24.275	3.0	241465.0	0.0	101.0	70.0262	0.8231	243.5801	961.8778	1000.0	46535.0	204.0	1418.0	338.5782	37.83512517204508
sub-120_task-rest_bold	0.005885550000000001	0.0285826036	0	60.41414971055277	1.183546641005025	1.0363361283417079	0.3513	128520.6406	0.7449615207176896	196	98.0	2.5986755555555554	2.669423333333333	2.6496233333333334	2.4769799999999997	0.0437432	-0.004904098808765411	0.0033560520969331264	200	80	80	45	2.702596804718194	2.9999990463256836	3.0	3.0	3.0	54.4452	3.8633	15.3517	3.0	244355.0	0.0	64.0	32.906	0.2448	259.9061	912.4947	965.0	43645.0	172.0	1443.0	357.0599	23.68752096197568
sub-121_task-rest_bold	0.00391415	0.0137301989	0	37.68321726402007	1.1711944794974873	1.0077515044723615	0.3737	178838.1406	0.28727021592222823	120	60.0	2.522215555555556	2.571756666666667	2.5825133333333334	2.4123766666666664	0.00889217	-0.00893592182546854	0.007864696905016899	200	80	80	45	2.839686924124052	2.9999990463256836	3.0	3.0	3.0	211.06	2.7366	17.2959	2.0	239721.0	0.0	72.0	49.8006	0.874	233.3754	905.8197	930.0	48279.0	224.0	1396.0	327.4975	38.117693121079355
sub-122_task-rest_bold	0.0100976	0.018244766	0	47.85828418814071	1.2040001335678396	1.0529683843718596	0.3874	154838.3594	0.3071719786658548	71	35.5	2.376027777777778	2.3544933333333335	2.4251066666666667	2.3484833333333333	0.00382596	-0.007323324680328369	0.010828574188053608	200	80	80	45	2.667071935208704	2.9999990463256836	3.0	3.0	3.0	232.4764	314.9375	1913.1449	230.0	236204.0	4.0	7717.0	5757.1767	0.6895	23066.2153	90140.9088	90349.0	51796.0	20563.0	147845.0	33875.3997	31.961326539050788
sub-123_task-rest_bold	0.00352645	0.01487849415	0	36.52913173105527	1.2048987813567842	1.0145452669849242	0.3776	166631.5781	0.2936622674720636	130	65.0	2.4070111111111108	2.47417	2.4733066666666668	2.2735566666666664	0.00861571	-0.006772642955183983	0.009411491453647614	200	80	80	45	3.1708953766693604	2.9999990463256836	3.0	3.0	3.0	188.9834	4.2755	22.2648	3.0	241539.0	0.0	87.0	61.0057	1.3649	204.8469	988.1356	1044.0	46461.0	224.0	1412.0	329.241	44.796377735445276
sub-124_task-rest_bold	0.0032686	0.015817901500000002	0	39.62005491603014	1.1031160423115582	0.9769379112060295	0.4024	94664.6875	0.31973395925194525	139	69.5	2.4457544444444443	2.4281266666666665	2.5556533333333333	2.3534833333333336	0.0113531	-0.008166763931512833	0.010410611517727375	200	80	80	45	2.7317251549953636	2.9999990463256836	3.0	3.0	3.0	72.9902	431.106	2425.6576	311.0	234464.0	5.0	11020.0	6246.0011	0.7026	25332.4481	94752.1862	95694.5	53536.0	20902.0	151954.0	35030.4664	34.839162938296795
sub-125_task-rest_bold	0.02058805	0.0501093745	0	41.234293367085414	0.9604524340201005	0.9995535478894471	0.3728	163094.6562	0.5383414151672963	102	51.0	2.4947855555555556	2.4700233333333332	2.55288	2.4614533333333335	0.00828387	-0.009781735949218273	0.0033797745127230883	200	80	80	45	3.1764274257273426	2.9999990463256836	3.0	3.0	3.0	104.9006	4.0159	25.6606	3.0	243974.0	0.0	105.0	69.6687	1.1696	239.3926	1062.9332	1102.0	44026.0	304.0	1556.0	346.9267	22.989010001532733
sub-126_task-rest_bold	0.0037354499999999995	0.049487896	0	53.58382592120604	1.0594895428140705	0.9385123393969853	0.3968	191138.3281	0.5986892981635571	188	94.0	2.32584	2.2707866666666665	2.3605033333333334	2.34623	0.00933626	-0.010020708665251732	0.0068987887352705	200	80	80	45	2.9494035374204763	2.9999990463256836	3.0	3.0	3.0	70.8404	2.6297	23.5916	2.0	236835.0	0.0	114.0	64.9853	1.042	239.3103	943.4168	936.0	51165.0	329.0	1488.0	317.3492	20.9049867837457
sub-129_task-rest_bold	0.0030239	0.00798032045	0	40.10411200190955	1.2561102406532665	1.02077308120603	0.3876	168270.0312	0.24578722840936948	92	46.0	2.3384155555555552	2.387843333333333	2.324666666666667	2.3027366666666667	0.0252768	-0.009001286700367928	0.0033623070921748877	200	80	80	45	2.852121914034345	2.9999990463256836	3.0	3.0	3.0	138.2287	2.9075	22.0979	2.0	237696.0	0.0	91.0	62.8988	0.7656	256.6295	983.5864	995.0	50304.0	264.0	1550.0	348.8596	45.76081048627384
sub-12_task-rest_bol