bids_name	NumberOfShells	bValues	bValuesEstimation	bdiffs_max	bdiffs_mean	bdiffs_median	bdiffs_min	efc_shell01	efc_shell02	fa_degenerate	fa_nans	fber_shell01	fber_shell02	fd_mean	fd_num	fd_perc	ndc	sigma_cc	sigma_pca	sigma_piesno	snr_cc_shell0	snr_cc_shell1_best	snr_cc_shell1_worst	spikes_global	spikes_slice_i	spikes_slice_j	spikes_slice_k	summary_bg_k	summary_bg_mad	summary_bg_mean	summary_bg_median	summary_bg_n	summary_bg_p05	summary_bg_p95	summary_bg_stdv	summary_fg_k	summary_fg_mad	summary_fg_mean	summary_fg_median	summary_fg_n	summary_fg_p05	summary_fg_p95	summary_fg_stdv	summary_wm_k	summary_wm_mad	summary_wm_mean	summary_wm_median	summary_wm_n	summary_wm_p05	summary_wm_p95	summary_wm_stdv
sub-009_run-01_dwi	1	[0.0, 1500.0]	[1500.0]	0.0572	0.0405	0.0441	0.0084	0.3123	0.4503	0.0	0.0	331677.0938	79625.0547	2.1833	64	98.46153846153847	0.5713	2103.8125	481.5037	170.4399	4.47	7.73	7.73	1255.65	6783.8	6341.91	4117.53	136.5172	0.0	506.8735	0.0	932066.0	0.0	2062.0	1476.2723	0.269	5257.3075	11431.4211	10571.0	182046.0	0.0	26366.0	7372.6728	9.6868	2004.4782	10696.3561	10248.0	29187.0	7476.0	15340.0	2881.3236
sub-010_run-01_dwi	1	[0.0, 1500.0]	[1500.0]	0.2024	0.0878	0.0958	0.0087	0.3485	0.4588	0.0	0.0	-1.0	260418.3281	13.8908	64	98.46153846153847	0.624	37.0651	11.2137	4.0383	6.77	7.92	7.92	1409.72	7497.88	6941.11	4608.62	175.4745	0.0	16.3083	0.0	901705.0	0.0	61.0	64.9752	8.9896	120.0908	400.3114	271.0	212407.0	130.0	1131.0	338.6843	57.7026	45.9607	253.3667	234.0	31214.0	161.0	361.0	130.8916
sub-015_run-01_dwi	1	[0.0, 1500.0]	[1500.0]	0.0518	0.0281	0.0277	0.0041	0.2988	0.4363	0.0	0.0	228807.9062	4141.853	2.7914	64	98.46153846153847	0.8813	1912.5569	500.5277	22.411	6.44	29.27	29.27	1235.17	6412.61	5940.68	3876.2	139.5968	99.3343	545.5336	67.0	951309.0	0.0	2375.0	1579.9931	-0.5804	7854.8266	11980.4252	12697.0	162803.0	0.0	27699.0	8533.4981	3.2093	2919.2438	14549.959	14259.0	12548.0	8281.0	23083.0	4532.763
sub-016_run-01_dwi	1	[0.0, 1500.0]	[1500.0]	0.4036	0.3155	0.3395	0.1214	0.324	0.4221	0.0	0.0	-1.0	818105.8125	18.1249	64	98.46153846153847	0.5069	45.9607	14.7164	0.0	6.94	7.19	7.19	1241.49	6511.6	6030.83	4064.94	239.5608	0.0	18.6438	0.0	939593.0	0.0	75.0	85.2677	14.4846	134.9168	457.7567	336.0	174519.0	122.0	1219.0	373.7649	80.7583	57.8215	325.1135	307.0	39344.0	225.0	447.0	119.957
sub-017_run-01_dwi	1	[0.0, 1500.0]	[1500.0]	0.1986	0.1465	0.1612	0.0263	0.3134	0.4367	0.0	0.0	36034.1797	29038.377	5.0225	64	98.46153846153847	0.8065	42.2542	9.7362	0.455	5.76	4.88	4.88	1200.25	6566.39	6442.66	4234.9	432.35	1.4826	11.4269	1.0	919977.0	0.0	41.0	52.2668	5.2258	137.882	427.2567	261.0	194135.0	106.0	1242.0	381.2394	33.5446	44.4781	231.472	222.0	37287.0	149.0	329.0	75.042
sub-01_run-01_dwi	1	[0.0, 1500.0]	[1500.0]	0.4178	0.2903	0.3184	0.0064	0.2998	0.4008	0.0	0.0	-1.0	4117328.5	27.4758	64	98.46153846153847	0.6839	50.4085	9.9639	0.7106	5.4	4.01	4.01	1152.89	6251.77	6138.65	4124.1	816.0118	0.0	10.246	0.0	932695.0	0.0	38.0	64.1282	35.3159	111.1952	359.6712	265.0	181417.0	65.0	969.0	323.2552	76.7966	47.4433	266.3983	248.0	43474.0	172.0	391.0	122.9504
sub-020_run-01_dwi	1	[0.0, 1500.0]	[1500.0]	0.4125	0.2335	0.2126	0.0924	0.2943	0.3989	0.0	0.0	-1.0	893821.8125	41.5687	64	98.46153846153847	0.8442	42.9955	11.2088	0.5266	6.18	6.53	6.53	1069.48	6253.54	6059.11	3896.86	612.1143	0.0	11.9564	0.0	948829.0	0.0	51.0	63.4465	6.0299	137.882	456.1361	301.0	165283.0	132.0	1347.0	391.3015	51.6218	44.4781	266.559	258.0	28631.0	181.0	355.0	81.0882
sub-023_run-01_dwi	1	[0.0, 1500.0]	[1500.0]	0.3843	0.2496	0.2694	0.0294	0.3083	0.4144	0.0	0.0	-1.0	794032.0	34.2676	64	98.46153846153847	0.8253	35.5825	11.0795	0.5457	7.12	6.65	6.65	1159.88	6486.85	6241.16	4087.48	364.5918	0.0	13.2744	0.0	935242.0	0.0	52.0	65.5048	6.67	131.9516	445.65	292.0	178870.0	133.0	1314.0	385.5679	61.9965	42.9955	258.1615	248.0	35921.0	180.0	342.0	84.505
sub-024_run-01_dwi	1	[0.0, 1500.0]	[1500.0]	0.3689	0.1363	0.1366	0.0008	0.3354	0.4374	0.0	0.0	37470.7734	121968.9453	31.9661	64	98.46153846153847	0.498	37.0651	12.0307	0.5378	6.73	5.31	5.31	1386.22	7105.49	6419.68	4257.44	233.0177	1.4826	13.3519	1.0	919962.0	0.0	55.0	51.347	6.5561	146.7776	457.456	315.0	194150.0	145.0	1206.0	359.1526	63.5468	44.4781	277.3291	265.0	30739.0	200.0	380.0	87.6195
sub-025_run-01_dwi	1	[0.0, 1500.0]	[1500.0]	0.3817	0.162	0.1759	0.0038	0.3112	0.4228	0.0	0.0	42830.8125	57277.1211	35.0248	64	98.46153846153847	0.6029	40.0303	10.359	0.4432	6.92	6.06	6.06	1245.79	6569.92	6032.59	4037.71	562.6415	1.4826	10.4883	1.0	929051.0	0.0	43.0	51.2673	4.5191	139.3646	410.5537	277.0	185061.0	70.0	1180.0	350.5975	43.0987	44.4781	262.8968	249.0	22812.0	181.0	362.0	95.8854
sub-026_run-01_dwi	1	[0.0, 1500.0]	[1500.0]	0.0435	0.0251	0.0246	0.0052	0.3529	0.4654	0.0	0.0	356207.0938	102563.7344	1.5771	64	98.46153846153847	0.8988	2680.5448	454.202	181.6165	5.07	5.97	5.97	1687.46	7557.98	6817.38	4722.24	122.4382	0.0	545.435	0.0	901666.0	0.0	2277.0	1742.1564	0.2379	5008.2303	12812.4172	12250.0	212446.0	0.0	26859.0	7198.8868	5.7463	2441.8459	12835.7771	12485.0	35946.0	8872.0	17906.0	3248.9724
sub-028_run-01_dwi	1	[0.0, 1500.0]	[1500.0]	0.3548	0.1596	0.1443	0.005	0.3524	0.4618	0.0	0.0	31385.6758	125195.7266	29.3012	64	98.46153846153847	0.9034	48.9259	10.3375	4.3627	4.91	6.03	6.03	1456.68	7446.62	6875.71	4921.31	225.697	1.4826	16.3119	1.0	901568.0	0.0	61.0	65.2143	9.5744	118.6082	413.1664	286.0	212544.0	125.0	1154.0	340.0934	85.0276	44.4781	261.0176	249.0	43392.0	179.0	351.0	99.8238
sub-029_run-01_dwi	1	[0.0, 1500.0]	[1500.0]	0.3697	0.2398	0.2419	0.0716	0.3136	0.4168	0.0	0.0	-1.0	1164854.875	24.1317	64	98.46153846153847	0.4833	50.4085	12.5045	0.0	5.28	5.65	5.65	1109.04	6865.1	5961.89	4140.06	278.4563	0.0	16.1819	0.0	932559.0	0.0	62.0	80.6353	7.3237	114.1604	460.4898	302.0	181553.0	156.0	1435.0	400.3219	84.1545	40.0303	274.039	261.0	37247.0	195.0	359.0	101.1277
sub-02_run-01_dwi	1	[0.0, 1500.0]	[1500.0]	0.3903	0.2365	0.2257	0.0136	0.3197	0.4438	0.0	0.0	33512.0547	65728.625	40.4067	64	98.46153846153847	0.9213	32.6172	9.7762	0.4377	5.86	6.18	6.18	1222.19	6948.18	6651.23	4532.56	398.5989	1.4826	11.7783	1.0	911556.0	0.0	45.0	54.1993	7.1438	115.643	386.1576	242.0	202556.0	98.0	1198.0	354.6129	86.4744	35.5825	213.851	204.0	38989.0	147.0	291.0	80.2951
sub-030_run-01_dwi	1	[0.0, 1500.0]	[1500.0]	0.0319	0.0161	0.0158	0.0048	0.3057	0.4555	0.0	0.0	239528.7344	10523.9082	1.9203	64	98.46153846153847	0.9642	1602.693	447.6544	22.308	6.39	8.91	8.91	1304.7	6633.55	6732.54	4407.68	122.6281	99.3343	551.0826	67.0	930281.0	0.0	2159.0	1842.9917	0.3022	5405.5677	10620.7485	10052.0	183831.0	0.0	26382.0	7611.7488	13.1977	1802.8443	10398.3648	10052.0	29909.0	7355.0	14373.0	2736.7904
sub-035_run-01_dwi	1	[0.0, 1500.0]	[1500.0]	0.3586	0.1926	0.1912	0.0092	0.3052	0.4096	0.0	0.0	-1.0	511065.4062	23.3802	64	98.46153846153847	0.7859	38.5477	10.6794	0.4692	6.61	5.83	5.83	1069.63	6423.22	5838.16	3892.16	364.9757	0.0	9.3443	0.0	939840.0	0.0	38.0	38.8718	8.1948	118.6082	357.2236	247.0	174272.0	77.0	1017.0	306.8439	62.8726	44.4781	246.7785	227.0	38768.0	158.0	390.0	115.2578
sub-036_run-01_dwi	1	[0.0, 1500.0]	[1500.0]	0.3443	0.2123	0.2311	0.0187	0.3398	0.4262	0.0	0.0	-1.0	1292431.0	47.8008	64	98.46153846153847	0.5907	32.6172	9.8206	0.4965	6.63	7.26	7.26	1385.86	7273.4	6607.04	4237.72	330.2603	0.0	11.824	0.0	907924.0	0.0	45.0	59.8225	23.2257	88.9561	311.0749	235.0	206188.0	103.0	787.0	257.881	82.0003	38.5477	222.1368	210.0	53085.0	158.0	310.0	75.5429
sub-037_run-01_dwi	1	[0.0, 1500.0]	[1500.0]	0.2422	0.0656	0.0343	0.0013	0.3284	0.4381	0.0	0.0	-1.0	295356.6562	11.6679	64	98.46153846153847	0.6451	40.0303	9.7533	0.0	5.78	5.1	5.1	1298.75	7271.63	6460.34	4419.88	530.1517	0.0	10.9052	0.0	910538.0	0.0	39.0	60.7269	5.6204	102.2996	351.5206	236.0	203574.0	104.0	1021.0	294.346	77.1476	38.5477	225.6729	213.0	42915.0	155.0	310.0	84.4566
sub-038_run-01_dwi	1	[0.0, 1500.0]	[1500.0]	0.2413	0.1778	0.2058	0.0226	0.3077	0.4298	0.0	0.0	29910.543	37230.9062	10.8635	64	98.46153846153847	0.8939	38.5477	9.1313	0.4789	5.82	7.44	7.44	1158.78	6790.87	6158.09	4254.62	383.1679	1.4826	10.718	1.0	932778.0	0.0	37.0	50.9453	7.9052	117.1256	385.2149	250.0	181334.0	109.0	1142.0	339.4893	72.26	40.0303	227.3544	210.0	36449.0	152.0	331.0	105.6808
sub-039_run-01_dwi	1	[0.0, 1500.0]	[1500.0]	0.0236	0.0147	0.0147	0.0022	0.3145	0.4361	0.0	0.0	463234.9062	33900.6914	2.9279	64	98.46153846153847	0.5346	2495.2195	465.78	22.509	4.78	43.11	43.11	1365.34	7133.77	6151.02	4279.03	111.8716	100.817	545.3109	68.0	930243.0	0.0	2627.0	1694.2353	-0.2973	7493.0716	11201.8089	10985.0	183869.0	0.0	27367.0	8251.2532	2.9911	2898.4873	12857.7905	12132.0	26230.0	7818.0	21231.0	4167.9996
sub-03_run-01_dwi	1	[0.0, 1500.0]	[1500.0]	0.3457	0.1014	0.0214	0.0008	0.3255	0.4201	0.0	0.0	-1.0	1268940.375	24.8224	64	98.46153846153847	0.8857	36.3238	8.6849	0.4444	5.96	5.58	5.58	1356.72	7089.58	6492.15	4323.17	187.6094	0.0	11.9776	0.0	928302.0	0.0	41.0	60.3162	10.8093	96.3691	341.254	239.0	185810.0	114.0	935.0	273.0155	83.3438	34.0999	226.34	213.0	36593.0	159.0	306.0	97.1928
sub-041_run-01_dwi	1	[0.0, 1500.0]	[1500.0]	0.3707	0.1828	0.1809	0.0239	0.2794	0.3889	0.0	0.0	33673.3164	283463.2812	25.4882	64	98.46153846153847	0.594	31.1346	9.4701	0.4922	8.49	9.41	9.41	969.2	5804.58	5458.14	3575.72	652.4125	1.4826	10.8151	1.0	960492.0	0.0	45.0	56.3367	12.3855	118.6082	405.8082	273.0	153620.0	78.0	1242.0	373.535	66.6828	41.5129	250.1232	241.0	22725.0	171.0	336.0	81.0424
sub-042_run-01_dwi	1	[0.0, 1500.0]	[1500.0]	0.384	0.1681	0.1818	0.0085	0.3088	0.4158	0.0	0.0	-1.0	327658.9375	36.1025	64	98.46153846153847	0.3658	59.3041	11.4474	0.5246	5.25	4.02	4.02	1256.25	6638.86	6073.25	4133.49	340.4502	0.0	11.8394	0.0	934459.0	0.0	42.0	60.8555	6.2941	143.8124	462.7767	309.0	179653.0	128.0	1310.0	384.5463	36.2306	47.4433	285.9541	271.0	32334.0	200.0	400.0	92.1478
sub-043_run-01_dwi	1	[0.0, 1500.0]	[1500.0]	0.3706	0.1383	0.123	0.0292	0.372	0.4546	0.0	0.0	-1.0	548733.8125	36.319	64	98.46153846153847	0.9001	45.9607	10.3843	3.9234	5.76	5.28	5.28	1616.89	7328.2	7188.56	4764.5	196.432	0.0	14.3905	0.0	887035.0	0.0	67.0	51.9483	11.8849	105.2648	360.2553	268.0	227077.0	118.0	957.0	278.7156	63.399	50.4085	259.2142	244.0	57377.0	171.0	370.0	97.319
sub-044_run-01_dwi	1	[0.0, 1500.0]	[1500.0]	0.0376	0.0163	0.0161	0.0019	0.3173	0.4725	0.0	0.0	92694.8906	14921.0088	2.4589	64	98.46153846153847	0.9372	1761.3314	428.4949	174.3019	4.79	10.02	10.02	1271.69	7142.6	6470.94	4551.34	122.9221	96.3691	551.0697	65.0	917499.0	0.0	2177.0	1776.8947	0.5793	4604.9625	10824.1576	9573.0	196613.0	0.0	26467.0	7332.3803	11.3097	1865.1136	9873.2103	9507.0	30354.0	6335.0	14522.0	3063.7215
sub-045_run-01_dwi	1	[0.0, 1500.0]	[1500.0]	0.0295	0.014	0.0146	0.001	0.3015	0.4391	0.0	0.0	336821.8438	66772.5	2.0713	64	98.46153846153847	0.7014	1522.6325	469.0525	20.9565	6.53	9.09	9.09	1194.8	6873.94	6241.16	4243.35	133.6857	93.4039	473.6364	63.0	926934.0	0.0	2115.0	1544.5958	0.5028	4563.4496	11510.3935	11090.0	187178.0	0.0	25644.0	7063.2709	9.0602	1897.7308	11086.9281	10833.0	26337.0	7564.0	15576.0	3163.961
sub-046_run-01_dwi	1	[0.0, 1500.0]	[1500.0]	0.3554	0.1851	0.1678	0.0147	0.3251	0.4347	0.0	0.0	41910.3008	37061.3477	44.8119	64	98.46153846153847	0.8801	40.0303	9.8087	0.4703	6.29	5.93	5.93	1280.7	6983.53	6156.32	4179.5	454.1302	1.4826	12.9354	1.0	922337.0	0.0	55.0	49.2657	3.7827	152.708	445.0264	291.0	191775.0	101.0	1249.0	374.711	48.3402	44.4781	259.1081	250.0	31642.0	181.0	355.0	76.8291
sub-047_run-01_dwi	1	[0.0, 1500.0]	[1500.0]	0.2052	0.1365	0.1392	0.013	0.3544	0.4526	0.0	0.0	-1.0	193878.7031	12.2277	64	98.46153846153847	0.6388	48.1846	9.3835	0.5101	4.72	4.97	4.97	1528.36	7641.05	6592.9	4614.26	262.7112	0.0	13.9568	0.0	905338.0	0.0	58.0	61.3365	11.2417	117.1256	360.1197	258.0	208774.0	123.0	933.0	277.4472	62.252	41.5129	241.014	222.0	38596.0	156.0	358.0	111.897
sub-048_run-01_dwi	1	[0.0, 1500.0]	[1500.0]	0.2918	0.0937	0.0784	0.0015	0.3069	0.4283	0.0	0.0	-1.0	240709.5625	25.3205	64	98.46153846153847	0.5963	25.2042	10.0945	0.573	8.84	7.79	7.79	1174.97	6979.99	5797.51	4222.69	407.3377	0.0	12.5228	0.0	931807.0	0.0	46.0	63.8576	8.1425	134.9168	403.551	258.0	182305.0	96.0	1176.0	361.7997	87.0376	38.5477	221.1096	206.0	35220.0	148.0	313.0	104.6832
sub-049_run-01_dwi	1	[0.0, 1500.0]	[1500.0]	0.2055	0.0526	0.0294	0.0138	0.3059	0.4179	0.0	0.0	42437.8906	22056.666	8.8292	64	98.46153846153847	0.7737	49.6672	10.4284	0.5166	5.69	5.07	5.07	1187.11	6080.32	6085.62	4112.83	285.656	1.4826	11.8103	1.0	942759.0	0.0	48.0	51.2287	4.0371	176.4297	507.9728	322.0	171353.0	140.0	1358.0	409.4586	91.4643	42.9955	268.0775	255.0	23118.0	192.0	372.0	87.3913
sub-04_run-01_dwi	1	[0.0, 1500.0]	[1500.0]	0.3916	0.2627	0.2767	0.0038	0.2975	0.3867	0.0	0.0	-1.0	8387624.5	29.5456	64	98.46153846153847	0.4542	53.3737	12.9784	0.5735	5.99	4.85	4.85	1198.72	6364.89	5919.47	3697.79	561.6807	0.0	12.1202	0.0	950463.0	0.0	45.0	77.7662	8.9646	130.469	483.1045	350.0	163649.0	159.0	1328.0	377.3616	70.5564	47.4433	332.3616	316.0	32308.0	244.0	446.0	105.1226
sub-050_run-01_dwi	1	[0.0, 1500.0]	[1500.0]	0.3836	0.2288	0.2216	0.0362	0.2883	0.408	0.0	0.0	-1.0	173102.8281	35.7192	64	98.46153846153847	0.831	26.6868	8.4592	0.7308	6.98	6.45	6.45	992.94	5965.43	5816.95	3815.17	304.9499	0.0	13.3914	0.0	962367.0	0.0	44.0	67.3367	4.9528	123.056	367.5915	230.0	151745.0	98.0	1129.0	334.8848	54.683	37.0651	197.6114	183.0	32428.0	127.0	299.0	84.4058
sub-051_run-01_dwi	1	[0.0, 1500.0]	[1500.0]	0.0355	0.0201	0.0193	0.0025	0.3025	0.4354	0.0	0.0	701090.375	51359.6797	2.3977	64	98.46153846153847	0.7866	2357.3375	503.6897	24.3916	5.21	4.4	4.4	1290.78	6866.87	6326.0	4279.97	100.0086	108.23	588.693	73.0	937756.0	0.0	2599.0	1936.0995	-0.1953	6315.8855	11368.901	11701.0	176356.0	0.0	26797.0	7996.0018	9.262	1924.4177	12281.9991	11989.0	27225.0	8738.0	16756.0	3140.3228
sub-052_run-01_dwi	1	[0.0, 1500.0]	[1500.0]	0.3912	0.2513	0.2626	0.0148	0.3141	0.4106	0.0	0.0	-1.0	811746.625	22.0212	64	98.46153846153847	0.7647	50.4085	9.9727	0.4948	4.78	5.71	5.71	1249.95	6631.79	6234.09	4155.09	960.819	0.0	11.0486	0.0	926974.0	0.0	46.0	65.0432	12.1421	112.6778	378.7801	271.0	187138.0	76.0	1046.0	318.8699	81.2371	38.5477	252.524	236.0	38811.0	178.0	344.0	101.3435
sub-053_run-01_dwi	1	[0.0, 1500.0]	[1500.0]	0.0271	0.0142	0.013	0.0018	0.3161	0.4597	0.0	0.0	369544.875	45273.6484	1.9439	64	98.46153846153847	0.7219	2056.3693	507.3627	25.9759	5.21	6.52	6.52	1314.34	7648.12	6133.34	4502.52	103.3404	0.0	585.9759	0.0	916707.0	0.0	2386.0	1851.817	0.0953	5599.7886	11596.5474	10786.0	197405.0	0.0	26889.0	7598.2273	10.2248	1937.7611	10536.0746	10093.0	35704.0	7009.0	15409.0	3101.3471
sub-055_run-01_dwi	1	[0.0, 1500.0]	[1500.0]	0.3891	0.223	0.1948	0.0304	0.3007	0.4127	0.0	0.0	-1.0	596539.125	42.0226	64	98.46153846153847	0.7024	47.4433	10.1036	0.5367	6.21	4.98	4.98	1115.19	6566.39	5793.98	4279.97	303.6893	0.0	13.452	0.0	928823.0	0.0	51.0	66.996	8.3566	146.7776	467.5675	289.0	185289.0	104.0	1441.0	438.2307	43.7064	59.3041	276.8819	265.0	18786.0	173.0	388.0	98.191
sub-056_run-01_dwi	1	[0.0, 1500.0]	[1500.0]	0.0414	0.0251	0.0251	0.0069	0.3074	0.4217	0.0	0.0	1533438.375	238174.9844	2.1624	64	98.46153846153847	0.5778	1533.0107	475.664	22.98	8.49	6.67	6.67	1247.62	6202.28	5891.19	3993.58	150.5189	0.0	458.6822	0.0	943662.0	0.0	1929.0	1635.4273	0.1437	5208.3816	12030.2169	11640.0	170450.0	0.0	26516.0	7410.3822	6.3991	2246.1424	12661.0965	12326.0	28945.0	8607.0	18388.0	3522.9598
sub-057_run-01_dwi	1	[0.0, 1500.0]	[1500.0]	0.3599	0.2067	0.1945	0.0414	0.3216	0.4319	0.0	0.0	-1.0	797856.75	28.3038	64	98.46153846153847	0.5642	44.4781	11.7486	3.9908	5.91	6.17	6.17	1280.33	6615.88	6364.89	4005.78	750.7087	0.0	12.9937	0.0	926741.0	0.0	50.0	70.3527	9.5014	128.9864	394.0056	284.0	187371.0	86.0	1086.0	323.0989	84.1612	45.9607	261.377	248.0	37473.0	175.0	364.0	102.0722
sub-058_run-01_dwi	1	[0.0, 1500.0]	[1500.0]	0.0361	0.017	0.0164	0.0039	0.303	0.4608	0.0	0.0	610295.875	68206.7344	2.1274	64	98.46153846153847	0.8726	1978.5327	493.981	23.9394	5.68	3.57	3.57	1262.9	6918.13	6822.68	4356.03	96.6802	0.0	632.1602	0.0	926179.0	0.0	2593.0	1956.257	0.0619	5599.7886	11243.7063	11113.0	187933.0	0.0	26601.0	7715.7845	8.4347	2194.2513	11615.3198	11410.0	28559.0	7633.0	15856.0	3118.6699
sub-05_run-01_dwi	1	[0.0, 1500.0]	[1500.0]	0.369	0.1738	0.1644	0.0253	0.2987	0.3977	0.0	0.0	-1.0	536195.0625	36.5806	64	98.46153846153847	0.8671	41.5129	10.5852	0.4805	6.44	6.91	6.91	1096.67	6212.88	5924.77	3825.5	286.1841	0.0	11.9522	0.0	947825.0	0.0	46.0	57.7105	9.3345	128.9864	416.6347	280.0	166287.0	113.0	1208.0	361.2486	78.8699	44.4781	253.4516	243.0	33716.0	177.0	349.0	82.5968
sub-060_run-01_dwi	1	[0.0, 1500.0]	[1500.0]	0.2275	0.1025	0.1123	0.0036	0.3283	0.4452	0.0	0.0	27916.4961	36109.793	13.9518	64	98.46153846153847	0.6526	40.0303	9.669	0.515	6.05	6.07	6.07	1318.9	7321.13	6260.61	4590.78	658.5929	1.4826	11.5993	1.0	907668.0	0.0	50.0	47.8002	4.3993	145.295	407.6515	260.0	206444.0	93.0	1156.0	355.5971	39.6807	44.4781	231.2346	219.0	37668.0	150.0	338.0	79.4845
sub-061_run-01_dwi	1	[0.0, 1500.0]	[1500.0]	0.238	0.1546	0.1505	0.0263	0.2984	0.4269	0.0	0.0	30625.3262	113978.7266	19.6726	64	98.46153846153847	0.1279	31.1346	10.8442	0.4961	6.2	5.99	5.99	1125.79	6803.24	5474.05	3996.39	240.4423	1.4826	14.651	1.0	947595.0	0.0	43.0	83.0611	2.9816	131.9516	419.9275	262.0	166517.0	106.0	1241.0	362.0666	59.5283	38.5477	225.0115	211.0	28801.0	154.0	321.0	89.1062
sub-062_run-01_dwi	1	[0.0, 1500.0]	[1500.0]	0.0493	0.0274	0.0273	0.0069	0.3169	0.4513	0.0	0.0	359197.3438	22856.2539	2.0947	64	98.46153846153847	0.8362	1696.0969	478.8413	23.5015	7.33	7.52	7.52	1416.58	6882.78	6698.95	4410.49	114.7282	105.2648	570.3931	71.0	918955.0	0.0	2501.0	1729.1337	-0.0903	5831.0745	11883.1557	11722.0	195157.0	0.0	26945.0	7768.0706	8.1224	2118.6386	12382.8858	12078.0	30051.0	8648.0	16868.0	3181.4801
sub-063_run-01_dwi	1	[0.0, 1500.0]	[1500.0]	0.3468	0.191	0.179	0.0311	0.3079	0.4173	0.0	0.0	-1.0	458255.0312	27.0068	64	98.46153846153847	0.6104	38.5477	11.1049	0.5237	6.17	4.38	4.38	1130.02	6393.17	6090.92	4105.32	420.3791	0.0	13.1996	0.0	938737.0	0.0	48.0	66.2097	7.4429	124.5386	397.4826	260.0	175375.0	116.0	1156.0	344.9651	85.1449	41.5129	237.1194	223.0	38554.0	162.0	337.0	92.5816
sub-064_run-01_dwi	1	[0.0, 1500.0]	[1500.0]	0.224	0.1704	0.1906	0.0145	0.3376	0.4608	0.0	0.0	24878.8945	10041.3105	3.0534	64	98.46153846153847	0.9187	34.0999	11.1538	0.5912	5.99	6.2	6.2	1367.85	7619.84	6414.38	4706.28	235.6316	1.4826	17.1888	1.0	913556.0	0.0	65.0	74.3801	4.2501	140.8472	453.4934	282.0	200556.0	131.0	1277.0	380.1507	68.5368	40.0303	236.0174	227.0	37713.0	162.0	318.0	75.4634
sub-065_run-01_dwi	1	[0.0, 1500.0]	[1500.0]	0.0214	0.0101	0.0105	0.001	0.2944	0.4306	0.0	0.0	392285.9062	21927.6699	2.8382	64	98.46153846153847	0.6796	2011.8912	660.024	40.6021	7.18	26.66	26.66	1260.0	6568.16	5693.23	3867.75	94.5368	180.8775	620.089	122.0	942650.0	0.0	2843.0	1708.4275	-1.0082	9160.9991	13558.1864	15327.0	171462.0	0.0	28521.0	9298.8096	3.3762	3663.5101	17128.5699	17057.0	21751.0	11493.0	24100.0	4469.5375
sub-066_run-01_dwi	1	[0.0, 1500.0]	[1500.0]	0.0674	0.0484	0.0506	0.0049	0.294	0.4285	0.0	0.0	1144860.125	154861.1562	3.3637	64	98.46153846153847	0.7329	3908.1394	535.3724	30.54	3.59	3.14	3.14	1208.73	6285.35	6269.44	3851.79	110.3018	0.0	557.0556	0.0	948477.0	0.0	2262.0	1788.0376	-0.1844	6008.9868	12444.1649	12626.0	165635.0	0.0	26951.0	7769.1342	3.8064	2937.035	13701.8285	13475.0	33605.0	8199.0	19791.0	4038.2678
sub-067_run-01_dwi	1	[0.0, 1500.0]	[1500.0]	0.3903	0.2582	0.2757	0.0331	0.3097	0.412	0.0	0.0	-1.0	794944.5	21.504	64	98.46153846153847	0.6725	51.8911	8.8001	0.5335	4.98	5.43	5.43	1224.35	6628.25	6090.92	3927.85	782.1233	0.0	12.0229	0.0	936227.0	0.0	44.0	69.3405	15.4918	111.1952	367.2992	265.0	177885.0	81.0	1009.0	310.4081	69.4712	44.4781	264.331	243.0	36953.0	170.0	391.0	136.5244
sub-068_run-01_dwi	1	[0.0, 1500.0]	[1500.0]	0.0597	0.0401	0.0419	0.0117	0.3135	0.4494	0.0	0.0	626303.9375	145742.1875	2.1769	64	98.46153846153847	0.4048	2048.9563	546.205	27.9889	5.86	5.1	5.1	1210.72	6891.61	6129.81	4264.95	81.0746	0.0	688.6211	0.0	932231.0	0.0	3280.0	1965.1095	0.2043	5122.3907	11664.3302	11393.0	181881.0	0.0	26416.0	7417.6678	9.3697	1922.9351	11648.5579	11393.0	33160.0	8028.0	15882.0	2939.0073
sub-069_run-01_dwi	1	[0.0, 1500.0]	[1500.0]	0.281	0.2028	0.2097	0.01	0.3163	0.4268	0.0	0.0	-1.0	356325.3438	21.7865	64	98.46153846153847	0.8138	38.5477	12.5614	0.6541	6.39	6.89	6.89	1168.31	6546.95	6292.42	4036.77	344.3164	0.0	15.3552	0.0	939650.0	0.0	63.0	68.5232	7.3448	123.056	429.9965	293.0	174462.0	118.0	1252.0	365.4297	83.0316	41.5129	263.3942	249.0	36255.0	184.0	364.0	102.8091
sub-06_run-01_dwi	1	[0.0, 1500.0]	[1500.0]	0.3313	0.1821	0.1841	0.0152	0.3353	0.4285	0.0	0.0	-1.0	533357.3125	33.7994	64	98.46153846153847	0.5503	53.3737	9.2293	0.6018	4.45	5.91	5.91	1376.84	7340.57	6797.94	4612.38	220.2046	0.0	15.3718	0.0	910716.0	0.0	60.0	71.039	8.7824	137.882	393.983	264.0	203396.0	109.0	1111.0	335.4702	76.0149	53.3737	245.5778	227.0	47846.0	147.0	366.0	123.3286
sub-070_run-01_dwi	1	[0.0, 1500.0]	[1500.0]	0.2188	0.1067	0.1158	0.0016	0.3316	0.4486	0.0	0.0	25481.4219	47768.0508	7.4705	64	98.46153846153847	0.7087	41.5129	10.8692	0.5677	5.51	12.51	12.51	1316.61	7165.58	6269.44	4559.8	170.9931	1.4826	15.9088	1.0	921425.0	0.0	52.0	73.3699	6.4326	118.6082	419.0061	274.0	192687.0	127.0	1183.0	348.9593	72.771	41.5129	250.5742	237.0	35156.0	167.0	342.0	95.1068
sub-071_run-01_dwi	1	[0.0, 1500.0]	[1500.0]	0.4044	0.269	0.3049	0.0256	0.3419	0.442	0.0	0.0	-1.0	590353.25	47.1697	64	98.46153846153847	0.8272	51.8911	13.3726	4.5583	5.88	3.81	3.81	1356.33	6981.76	6896.92	4403.92	348.1414	0.0	15.7602	0.0	913475.0	0.0	64.0	64.269	13.3143	131.9516	447.494	319.0	200637.0	138.0	1212.0	363.2708	71.5582	47.4433	293.2745	276.0	46327.0	200.0	407.0	121.1646
sub-072_run-01_dwi	1	[0.0, 1500.0]	[1500.0]	0.379	0.1624	0.18	0.0022	0.3025	0.4197	0.0	0.0	-1.0	205582.8906	45.6475	64	98.46153846153847	0.3176	37.0651	10.47	0.5398	5.64	5.57	5.57	1132.33	6675.98	5650.81	4002.97	259.0685	0.0	13.5861	0.0	946816.0	0.0	49.0	66.4958	5.6178	145.295	437.8495	279.0	167296.0	103.0	1250.0	373.8463	57.2036	50.4085	259.1896	234.0	21116.0	163.0	406.0	140.532
sub-073_run-01_dwi	1	[0.0, 1500.0]	[1500.0]	0.2543	0.137	0.1412	0.0151	0.2959	0.4053	0.0	0.0	-1.0	701307.125	21.2672	64	98.46153846153847	0.7848	34.0999	10.5892	0.4803	7.03	6.94	6.94	1104.2	6393.17	5622.53	3716.57	492.2329	0.0	9.9658	0.0	947223.0	0.0	40.0	58.6401	7.2389	106.7474	369.1589	254.0	166889.0	105.0	1081.0	311.6947	51.5141	38.5477	237.2979	229.0	24633.0	167.0	315.0	71.202
sub-074_run-01_dwi	1	[0.0, 1500.0]	[1500.0]	0.273	0.1803	0.2004	0.005	0.3049	0.4134	0.0	0.0	-1.0	627393.125	31.3066	64	98.46153846153847	0.9064	28.1694	11.2798	0.5454	9.28	7.96	7.96	1196.29	6771.42	6161.62	4147.57	505.5765	0.0	12.6109	0.0	932931.0	0.0	48.0	67.7723	4.9588	146.7776	486.1743	308.0	181181.0	138.0	1417.0	418.6392	72.1539	42.9955	270.0987	261.0	26057.0	193.0	357.0	80.6285
sub-076_run-01_dwi	1	[0.0, 1500.0]	[1500.0]	0.3305	0.051	0.0303	0.0028	0.3103	0.4204	0.0	0.0	-1.0	614450.875	11.2296	64	98.46153846153847	0.5978	38.5477	9.8833	0.6677	6.47	6.58	6.58	1157.73	6723.7	5933.61	3988.88	334.7326	0.0	12.2921	0.0	938287.0	0.0	52.0	52.9955	9.1672	134.9168	402.3798	267.0	175825.0	93.0	1132.0	345.2489	80.4422	42.9955	237.5086	225.0	25767.0	166.0	324.0	84.4756
sub-077_run-01_dwi	1	[0.0, 1500.0]	[1500.0]	0.039	0.0191	0.018	0.0025	0.3178	0.4358	0.0	0.0	275141.1875	54134.2812	2.4779	64	98.46153846153847	0.5902	2354.3723	477.0542	24.8154	4.73	3.54	3.54	1266.01	6554.02	6462.1	4220.82	85.8037	111.1952	609.1312	75.0	932688.0	0.0	3025.0	1897.6689	0.1031	5266.2031	12130.6453	11720.0	181424.0	0.0	26779.0	7473.8119	8.1656	2020.7868	12093.6466	11796.0	30776.0	8390.0	16860.0	3140.944
sub-078_run-01_dwi	1	[0.0, 1500.0]	[1500.0]	0.1789	0.1064	0.1148	0.0135	0.3151	0.4613	0.0	0.0	25837.6504	2351.7427	3.8506	64	98.46153846153847	0.9811	2129.0168	473.548	23.0921	4.62	34.38	34.38	1282.1	6739.61	6532.81	4436.79	94.3184	102.2996	671.2047	69.0	927348.0	0.0	2587.0	1880.3384	-0.1538	6947.474	10873.4845	10845.0	186764.0	0.0	27002.0	8111.9751	9.576	1866.5962	11480.7995	11195.0	23445.0	7763.0	15951.0	3054.1452
sub-079_run-01_dwi	1	[0.0, 1500.0]	[1500.0]	0.0471	0.0245	0.0241	0.0036	0.3113	0.4433	0.0	0.0	446172.125	85124.5156	2.3964	64	98.46153846153847	0.7481	2071.1953	487.1869	26.2327	5.11	4.98	4.98	1283.11	7216.84	5831.09	4331.62	110.2981	0.0	562.6021	0.0	932844.0	0.0	2408.0	1731.5755	-0.0711	5989.713	11764.6197	11579.0	181268.0	0.0	26730.0	7735.2422	7.5685	2188.3209	12306.0922	12043.0	26420.0	8468.0	17016.0	3170.1363
sub-07_run-01_dwi	1	[0.0, 1500.0]	[1500.0]	0.3523	0.1175	0.1288	0.005	0.3532	0.4621	0.0	0.0	25922.3086	81996.875	21.0384	64	98.46153846153847	0.668	42.2542	10.5157	4.0937	5.6	5.58	5.58	1480.93	7319.36	6928.73	4672.48	248.1722	1.4826	14.2733	1.0	898696.0	0.0	54.0	59.0581	11.7866	103.7822	347.8863	249.0	215416.0	106.0	959.0	290.2401	64.5175	45.9607	252.7449	237.0	38060.0	159.0	353.0	120.1957
sub-080_run-01_dwi	1	[0.0, 1500.0]	[1500.0]	0.2	0.0802	0.0685	0.011	0.3187	0.4703	0.0	0.0	134002.8906	22074.0234	3.4665	64	98.46153846153847	0.7818	1507.8065	416.8156	18.6474	6.36	7.43	7.43	1280.85	7303.45	6599.97	4507.21	138.6226	83.0257	511.608	56.0	903874.0	0.0	2033.0	1646.7663	0.9506	4108.2907	10430.8402	9322.0	210238.0	0.0	25593.0	7027.5793	14.2583	1758.3662	9485.0505	9379.0	14616.0	5987.0	12768.0	2546.0773
sub-081_run-01_dwi	1	[0.0, 1500.0]	[1500.0]	0.0355	0.0228	0.0235	0.0038	0.323	0.4725	0.0	0.0	266623.6562	5947.8184	2.8002	64	98.46153846153847	0.9324	1293.5704	467.0882	191.8551	7.18	6.75	6.75	1272.96	6886.31	6424.99	4372.93	87.5557	94.8865	723.8706	64.0	931961.0	0.0	3038.0	2033.1768	0.1685	5266.2031	11032.0362	10794.0	182151.0	0.0	26822.0	7737.8597	11.9744	1915.5221	11155.6445	10921.0	23137.0	7885.0	14735.0	2691.3026
sub-082_run-01_dwi	1	[0.0, 1500.0]	[1500.0]	0.0214	0.0111	0.0116	0.0018	0.3166	0.4503	0.0	0.0	140115.0312	4411.8428	2.2998	64	98.46153846153847	0.815	3283.9639	481.0255	21.8324	4.14	6.22	6.22	1371.43	6870.4	6389.64	4356.97	130.5711	97.8517	499.8953	66.0	919847.0	0.0	2248.0	1413.2831	-0.1822	5985.2652	12557.5507	12498.0	194265.0	0.0	27046.0	7756.6707	4.5685	2647.9276	13626.0804	13159.0	25984.0	9257.0	19838.0	3692.4381
sub-083_run-01_dwi	1	[0.0, 1500.0]	[1500.0]	0.3707	0.1391	0.165	0.0154	0.3048	0.4307	0.0	0.0	32744.8887	33731.8945	34.0737	64	98.46153846153847	0.9213	42.9955	10.1936	0.5001	5.01	5.38	5.38	1113.88	6446.2	5896.49	3867.75	340.917	1.4826	12.4908	1.0	947759.0	0.0	51.0	47.0474	4.8676	145.295	427.3292	274.0	166353.0	100.0	1222.0	368.5491	45.439	37.0651	238.5546	226.0	22681.0	169.0	328.0	79.3917
sub-084_run-01_dwi	1	[0.0, 1500.0]	[1500.0]	0.0435	0.024	0.0241	0.0069	0.2916	0.4027	0.0	0.0	1400178.875	507170.5625	2.0245	64	98.46153846153847	0.7228	1739.0924	399.7491	24.4647	6.86	5.95	5.95	1182.09	5953.05	5649.04	3858.36	224.3341	0.0	345.817	0.0	950855.0	0.0	1540.0	1165.6584	0.1986	5000.8173	12154.4841	11801.0	163257.0	0.0	26165.0	7237.2251	10.7888	1740.575	11770.6864	11435.0	29658.0	8576.0	16052.0	2914.5873
sub-085_run-01_dwi	1	[0.0, 1500.0]	[1500.0]	0.0317	0.013	0.0127	0.0007	0.324	0.4765	0.0	0.0	322941.2812	28125.0391	1.834	64	98.46153846153847	0.9005	1885.87	443.5747	197.1235	5.4	4.92	4.92	1436.48	7347.64	7287.54	4656.51	99.4548	109.7126	659.6524	74.0	902171.0	0.0	2619.0	2011.9674	0.2202	5215.7946	11167.3108	10626.0	211941.0	0.0	26569.0	7566.4717	12.5497	1776.1575	10874.489	10626.0	32994.0	7708.0	14670.0	2836.0645
sub-086_run-01_dwi	1	[0.0, 1500.0]	[1500.0]	0.0349	0.0168	0.0172	0.0028	0.2818	0.4121	0.0	0.0	307808.6875	74559.1953	2.9278	64	98.46153846153847	0.7475	1983.7218	412.1577	29.4576	5.54	32.83	32.83	1049.92	5670.25	5965.43	3726.9	156.5798	0.0	412.7148	0.0	948323.0	0.0	1958.0	1388.6332	0.391	5020.0911	11600.7864	11140.0	165789.0	0.0	25846.0	7121.5847	5.1689	2513.0108	11895.4657	11408.0	29260.0	7308.0	-14287.0	3743.7632
sub-087_run-01_dwi	1	[0.0, 1500.0]	[1500.0]	0.4079	0.1983	0.1888	0.0201	0.334	0.4445	0.0	0.0	-1.0	165475.8438	44.8815	64	98.46153846153847	0.813	44.4781	10.8443	0.4691	5.22	4.4	4.4	1279.36	7018.88	6506.29	4416.13	230.2039	0.0	18.2313	0.0	921745.0	0.0	68.0	81.522	7.3049	117.1256	394.7856	264.0	192367.0	112.0	1164.0	339.6705	45.0945	42.9955	237.6444	229.0	46321.0	159.0	328.0	75.4806
sub-088_run-01_dwi	1	[0.0, 1500.0]	[1500.0]	0.055	0.0219	0.0213	0.0011	0.3087	0.4465	0.0	0.0	917987.6875	105530.3047	2.2227	64	98.46153846153847	0.6422	2109.743	505.1755	23.4941	5.05	5.02	5.02	1272.11	6958.78	6046.73	4460.26	189.8297	0.0	444.7469	0.0	920743.0	0.0	2063.0	1363.8152	0.7136	4431.498	11127.9288	10109.0	193369.0	0.0	25916.0	7011.6652	11.8389	1899.2134	10094.7103	9753.0	40945.0	6693.0	14023.0	2806.4171
sub-089_run-01_dwi	1	[0.0, 1500.0]	[1500.0]	0.4005	0.1872	0.2102	0.0026	0.3323	0.4521	0.0	0.0	32817.6484	72239.2344	36.6275	64	98.46153846153847	0.9152	47.4433	11.9114	4.4153	5.7	8.1	8.1	1284.27	7305.22	6260.61	4316.59	195.4898	1.4826	17.4864	1.0	922420.0	0.0	66.0	66.1526	5.2404	149.7428	465.9304	300.0	191692.0	108.0	1340.0	398.9904	39.7049	47.4433	268.1519	257.0	36774.0	173.0	376.0	90.6308
sub-08_run-01_dwi	1	[0.0, 1500.0]	[1500.0]	0.1167	0.03	0.0287	0.0019	0.313	0.439	0.0	0.0	521624.75	107200.5078	2.2197	64	98.46153846153847	0.8294	1704.9926	426.6026	22.8647	6.46	8.87	8.87	1239.83	6955.25	6746.68	4028.32	162.5485	0.0	458.5919	0.0	917360.0	0.0	2167.0	1486.5723	0.3752	5123.8733	11099.7773	10021.0	196752.0	0.0	26545.0	7409.3979	10.3693	2011.8912	10412.3856	10021.0	40520.0	6908.0	14839.0	3071.8512
sub-090_run-01_dwi	1	[0.0, 1500.0]	[1500.0]	0.3919	0.2951	0.3151	0.0637	0.3131	0.4196	0.0	0.0	-1.0	1049615.0	6.413	64	98.46153846153847	0.6099	40.0303	11.594	0.0	6.13	4.79	4.79	1233.93	6497.45	6248.23	4249.92	283.7661	0.0	12.6926	0.0	934554.0	0.0	44.0	65.2085	6.3329	134.9168	427.2041	295.0	179558.0	104.0	1227.0	353.4474	68.7766	44.4781	270.1064	251.0	37573.0	183.0	393.0	119.6473
sub-091_run-01_dwi	1	[0.0, 1500.0]	[1500.0]	0.3529	0.2226	0.2273	0.0129	0.3381	0.4264	0.0	0.0	-1.0	2067946.75	29.5134	64	98.46153846153847	0.7924	50.4085	13.2687	0.0	6.04	5.87	5.87	1423.78	7147.91	6439.13	4434.91	285.4624	0.0	13.7865	0.0	914902.0	0.0	57.0	65.2319	17.4207	117.1256	429.9766	323.0	199210.0	138.0	1113.0	337.4709	72.2002	45.9607	296.6484	283.0	48084.0	211.0	400.0	94.028
sub-094_run-01_dwi	1	[0.0, 1500.0]	[1500.0]	0.3802	0.2314	0.2193	0.0051	0.3222	0.4392	0.0	0.0	-1.0	201902.7344	46.8849	64	98.46153846153847	0.9774	31.1346	7.9944	2.3769	6.02	7.86	7.86	1275.88	7193.86	6656.53	4581.39	204.0759	0.0	14.4474	0.0	918752.0	0.0	50.0	64.6233	9.7198	112.6778	360.3759	215.0	195360.0	95.0	1058.0	330.428	52.1784	32.6172	184.3555	172.0	39240.0	122.0	264.0	70.3228
sub-095_run-01_dwi	1	[0.0, 1500.0]	[1500.0]	0.0836	0.055	0.0656	0.0143	0.3224	0.4331	0.0	0.0	96656.3906	17866.1797	3.3462	64	98.46153846153847	0.8664	1789.5009	387.612	19.5474	5.77	6.13	6.13	1314.66	6529.27	6649.46	4202.04	137.0597	87.4735	460.4596	59.0	923306.0	0.0	2049.0	1697.8767	0.5543	4473.0109	11254.9703	10190.0	190806.0	0.0	26531.0	7238.4927	12.7685	1964.4479	10255.1571	9950.0	37566.0	6993.0	14048.0	2874.7718
sub-096_run-01_dwi	1	[0.0, 1500.0]	[1500.0]	0.3071	0.1713	0.158	0.0441	0.3323	0.4247	0.0	0.0	-1.0	1178432.625	27.5145	64	98.46153846153847	0.5078	45.9607	14.8595	0.7257	7.43	15.75	15.75	1269.43	6493.92	5967.19	4022.69	241.6172	0.0	16.764	0.0	944266.0	0.0	73.0	67.7231	20.3752	131.9516	455.3239	356.0	169846.0	115.0	1107.0	336.0177	92.4852	48.9259	335.3874	318.0	35729.0	240.0	441.0	127.5567
sub-097_run-01_dwi	1	[0.0, 1500.0]	[1500.0]	0.0215	0.0103	0.0102	0.0021	0.3495	0.4528	0.0	0.0	640467.6875	412185.9688	1.4197	64	98.46153846153847	0.6769	1793.9487	440.1553	0.0	5.2	3.61	3.61	1491.48	7098.42	6805.01	4470.59	155.0086	0.0	475.779	0.0	910576.0	0.0	2101.0	1559.4833	1.1177	4057.8823	11097.3725	9935.0	203536.0	0.0	24840.0	6512.6142	15.5841	1607.1408	9499.6842	9107.0	43128.0	6686.0	13376.0	2761.9394
sub-098_run-01_dwi	1	[0.0, 1500.0]	[1500.0]	0.0497	0.0199	0.018	0.0025	0.3216	0.4126	0.0	0.0	3068211.0	1988184.25	2.5709	64	98.46153846153847	0.4256	1768.7444	452.4778	20.6526	5.45	5.78	5.78	1221.28	6382.57	5557.13	3898.74	186.5146	0.0	410.3959	0.0	943436.0	0.0	2017.0	1396.9912	1.2402	3988.2	11002.3448	10027.0	170676.0	978.0	23358.0	6118.3131	7.4708	1994.1	9121.5054	9173.0	5200.0	3454.0	13583.0	3207.296
sub-099_run-01_dwi	1	[0.0, 1500.0]	[1500.0]	0.4024	0.2201	0.2263	0.0374	0.3113	0.4084	0.0	0.0	47594.3164	145123.2188	31.3153	64	98.46153846153847	0.7713	41.5129	10.2892	0.4444	6.63	6.13	6.13	1243.14	6575.23	5938.91	3927.85	278.8695	1.4826	12.2648	1.0	945713.0	0.0	44.0	61.2882	4.9243	114.1604	430.3404	293.0	168399.0	152.0	1177.0	334.9063	64.8218	37.0651	268.6581	257.0	25388.0	196.0	361.0	88.0343
sub-09_run-01_dwi	1	[0.0, 1500.0]	[1500.0]	0.3661	0.178	0.1447	0.0032	0.3315	0.4377	0.0	0.0	-1.0	211177.2344	35.9091	64	98.46153846153847	0.8757	51.8911	11.3956	0.5928	5.6	5.03	5.03	1333.07	6856.26	6504.52	4519.42	185.3595	0.0	17.6538	0.0	926684.0	0.0	69.0	75.1706	8.4348	146.7776	473.2849	325.0	187428.0	144.0	1312.0	387.6663	49.7054	53.3737	292.323	278.0	35326.0	201.0	405.0	93.2467
sub-100_run-01_dwi	1	[0.0, 1500.0]	[1500.0]	0.3637	0.2049	0.2068	0.0193	0.305	0.4103	0.0	0.0	37972.8945	178084.8438	28.6804	64	98.46153846153847	0.3961	29.652	12.1681	0.5548	7.65	6.6	6.6	1190.9	6918.13	5703.83	3856.48	247.6751	1.4826	16.6324	1.0	951932.0	0.0	57.0	81.7052	4.3107	160.121	493.6572	327.0	162180.0	135.0	1412.0	407.4811	33.0673	50.4085	283.2306	265.0	12976.0	180.0	430.0	116.6099
sub-101_run-01_dwi	1	[0.0, 1500.0]	[1500.0]	0.3724	0.2115	0.2129	0.0344	0.3098	0.4291	0.0	0.0	33853.6562	45122.4336	39.991	64	98.46153846153847	0.9448	37.0651	7.8742	0.4713	6.07	6.7	6.7	1190.53	6621.18	6094.46	4450.87	557.8123	1.4826	12.6853	1.0	926115.0	0.0	49.0	60.5704	5.3287	145.295	440.8044	262.0	187997.0	101.0	1261.0	396.0095	39.376	44.4781	224.6004	216.0	28518.0	149.0	312.0	73.4464
sub-102_run-01_dwi	1	[0.0, 1500.0]	[1500.0]	0.3697	0.2919	0.3164	0.0457	0.3215	0.4209	0.0	0.0	-1.0	511507.25	12.2728	64	98.46153846153847	0.8009	41.5129	11.6121	0.4871	6.43	6.58	6.58	1252.15	6407.31	6097.99	4084.66	288.4303	0.0	15.552	0.0	946633.0	0.0	55.0	75.6594	8.9833	111.1952	403.4948	295.0	167479.0	123.0	1092.0	310.3289	87.9997	38.5477	272.5105	256.0	34510.0	201.0	368.0	108.0559
sub-103_run-01_dwi	1	[0.0, 1500.0]	[1500.0]	0.3597	0.0842	0.011	0.0017	0.2945	0.4294	0.0	0.0	29262.1094	171980.3906	21.2888	64	98.46153846153847	0.8581	33.3585	10.1692	0.5452	7.0	4.95	4.95	1109.91	6366.66	5847.0	4190.77	631.2791	1.4826	13.3217	1.0	931393.0	0.0	47.0	73.9833	4.1662	166.0514	499.8042	282.0	182719.0	90.0	1537.0	470.1735	44.961	41.5129	240.1735	229.0	30626.0	158.0	338.0	92.2567
sub-104_run-01_dwi	1	[0.0, 1500.0]	[1500.0]	0.3956	0.204	0.2097	0.0366	0.3238	0.433	0.0	0.0	-1.0	404987.0	21.5289	64	98.46153846153847	0.3452	31.1346	11.2684	0.0	7.28	6.48	6.48	1290.11	7250.42	6453.27	4372.0	241.3878	0.0	20.0138	0.0	923150.0	0.0	65.0	106.1692	6.2384	115.643	400.4626	263.0	190962.0	110.0	1178.0	349.4381	74.2504	32.6172	227.9359	216.0	40857.0	168.0	307.0	70.7376
sub-105_run-01_dwi	1	[0.0, 1500.0]	[1500.0]	0.3669	0.2848	0.3087	0.0569	0.3155	0.4084	0.0	0.0	-1.0	1929563.25	8.6335	64	98.46153846153847	0.6402	41.5129	11.651	0.6369	6.61	6.39	6.39	1287.92	7004.74	6119.2	4004.85	268.7259	0.0	18.2774	0.0	940991.0	0.0	57.0	106.4274	5.8144	115.643	417.4061	293.0	173121.0	143.0	1152.0	323.2489	80.3809	40.0303	273.0455	259.0	38276.0	190.0	366.0	111.2702
sub-106_run-01_dwi	1	[0.0, 1500.0]	[1500.0]	0.3745	0.1859	0.1494	0.0188	0.3438	0.4378	0.0	0.0	-1.0	286506.2812	39.2885	64	98.46153846153847	0.9168	38.5477	9.7639	0.5088	6.61	6.37	6.37	1413.94	7105.49	6698.95	4548.53	246.8273	0.0	13.6415	0.0	909642.0	0.0	58.0	56.6973	10.3435	121.5734	391.3334	283.0	204470.0	122.0	1049.0	316.8603	63.3726	44.4781	253.2392	239.0	43616.0	179.0	355.0	83.7237
sub-108_run-01_dwi	1	[0.0, 1500.0]	[1500.0]	0.398	0.2046	0.1884	0.0194	0.3098	0.4195	0.0	0.0	37560.5195	103355.875	39.54	64	98.46153846153847	0.8936	41.5129	11.3263	0.5136	6.04	4.77	4.77	1226.54	6778.49	5887.66	4060.25	214.6411	1.4826	14.5272	1.0	947765.0	0.0	47.0	66.5231	4.5087	143.8124	461.216	301.0	166347.0	138.0	1286.0	374.7229	43.5601	53.3737	258.2945	251.0	14729.0	152.0	348.0	92.7483
sub-10_run-01_dwi	1	[0.0, 1500.0]	[1500.0]	0.3951	0.1691	0.1542	0.0025	0.32	0.4343	0.0	0.0	33793.3359	45945.5703	49.8462	64	98.46153846153847	0.6425	39.289	8.2129	0.4612	5.59	5.15	5.15	1278.29	7057.76	6412.61	4287.48	225.554	1.4826	13.3573	1.0	921195.0	0.0	51.0	54.2078	3.9128	142.3298	423.9244	256.0	192917.0	103.0	1247.0	376.1979	51.1249	38.5477	219.5179	206.0	34064.0	152.0	307.0	78.1187
sub-110_run-01_dwi	1	[0.0, 1500.0]	[1500.0]	0.4031	0.2126	0.2048	0.0096	0.3139	0.4262	0.0	0.0	12706.4893	2056.8918	30.1729	64	98.46153846153847	0.9031	54.115	10.1824	0.4654	4.8	5.48	5.48	1307.99	6736.07	6082.08	4064.0	269.8538	2.9652	13.1137	2.0	937524.0	0.0	57.0	51.3361	3.8939	189.7731	482.3808	317.0	176588.0	123.0	1378.0	400.5631	16.7862	63.7519	278.2096	263.0	24586.0	171.0	423.0	95.5085
sub-111_run-01_dwi	1	[0.0, 1500.0]	[1500.0]	0.3098	0.1438	0.1359	0.0017	0.3095	0.4306	0.0	0.0	44098.9805	11400.8877	42.5875	64	98.46153846153847	0.7883	34.0999	10.2246	0.516	6.56	8.57	8.57	1210.5	6354.28	6138.65	4193.58	434.8351	1.4826	14.6506	1.0	940305.0	0.0	56.0	59.7012	2.6613	192.7383	535.9857	328.0	173807.0	132.0	1500.0	448.1111	34.01	48.9259	265.3859	257.0	24346.0	173.0	365.0	81.9362
sub-112_run-01_dwi	1	[0.0, 1500.0]	[1500.0]	0.4035	0.1831	0.1953	0.0299	0.3302	0.4466	0.0	0.0	19292.793	40792.2422	52.8746	64	98.46153846153847	0.5124	28.1694	9.9067	0.6993	7.8	9.03	9.03	1386.69	7303.45	5841.7	4510.97	178.6077	2.9652	16.1412	2.0	911258.0	0.0	58.0	66.295	2.711	164.5688	465.5971	294.0	202854.0	100.0	1456.0	409.5456	14.8131	62.2693	274.7501	252.0	28648.0	168.0	462.0	105.2029
sub-113_run-01_dwi	1	[0.0, 1500.0]	[1500.0]	0.2693	0.1953	0.2119	0.017	0.3544	0.4529	0.0	0.0	-1.0	558629.75	26.9984	64	98.46153846153847	0.7245	46.702	10.2559	4.2295	5.37	5.94	5.94	1509.45	7738.26	6903.99	4595.48	329.7533	0.0	12.4893	0.0	888903.0	0.0	49.0	60.794	10.0712	97.8517	346.2452	248.0	225209.0	113.0	955.0	281.8939	92.2932	37.0651	231.1601	222.0	52357.0	165.0	309.0	73.867
sub-114_run-01_dwi	1	[0.0, 1500.0]	[1500.0]	0.3817	0.0582	0.0073	0.0013	0.3086	0.4295	0.0	0.0	26358.1855	142232.2031	16.1458	64	98.46153846153847	0.7461	54.8563	9.4466	0.4934	4.02	4.07	4.07	1171.23	6375.49	6055.57	4137.24	373.8351	1.4826	11.2051	1.0	934223.0	0.0	43.0	56.5007	8.4459	117.1256	360.6541	242.0	179889.0	83.0	1044.0	316.5774	45.6425	41.5129	217.9132	205.0	35715.0	144.0	309.0	78.6932
sub-115_run-01_dwi	1	[0.0, 1500.0]	[1500.0]	0.3715	0.1597	0.1595	0.0143	0.2924	0.408	0.0	0.0	40400.8398	35468.4062	40.2786	64	98.46153846153847	0.8956	29.652	9.6529	0.4998	6.91	6.94	6.94	1109.93	6311.86	5620.76	3875.26	216.2287	1.4826	15.3465	1.0	954114.0	0.0	48.0	83.536	3.0646	160.121	499.0957	304.0	159998.0	112.0	1444.0	428.616	56.6074	44.4781	253.5536	243.0	22403.0	169.0	346.0	92.0238
sub-116_run-01_dwi	1	[0.0, 1500.0]	[1500.0]	0.3649	0.1801	0.1805	0.0184	0.3308	0.4422	0.0	0.0	34985.0625	191170.25	35.4377	64	98.46153846153847	0.753	50.4085	11.9563	0.5335	5.6	5.48	5.48	1305.08	6757.28	6640.62	4365.42	241.5479	1.4826	15.5256	1.0	923338.0	0.0	57.0	67.3635	8.1748	120.0908	431.7629	302.0	190774.0	114.0	1242.0	360.0957	54.1025	41.5129	276.0944	265.0	36425.0	200.0	368.0	83.2211
sub-117_run-01_dwi	1	[0.0, 1500.0]	[1500.0]	0.0254	0.0169	0.0176	0.0061	0.3302	0.4649	0.0	0.0	295207.0	108940.4922	1.7824	64	98.46153846153847	0.2811	1871.044	483.7569	175.4467	5.75	4.87	4.87	1325.71	7732.96	6158.09	4456.51	121.1266	0.0	537.799	0.0	912217.0	0.0	1992.0	1834.1407	0.7803	4043.0562	11471.5719	10565.0	201895.0	0.0	25445.0	6783.4437	13.4555	1773.1923	10375.2039	10034.0	50599.0	7373.0	14219.0	2744.9927
sub-118_run-01_dwi	1	[0.0, 1500.0]	[1500.0]	0.3538	0.2242	0.2391	0.0488	0.3489	0.4461	0.0	0.0	-1.0	425670.9375	35.7157	64	98.46153846153847	0.6327	42.9955	11.2078	4.102	6.09	6.2	6.2	1416.04	7955.67	6824.45	4631.16	158.6095	0.0	19.6995	0.0	900937.0	0.0	72.0	85.6712	5.7722	120.0908	432.4958	288.0	213175.0	140.0	1273.0	368.0252	60.6127	45.9607	262.144	248.0	46663.0	175.0	360.0	95.378
sub-119_run-01_dwi	1	[0.0, 1500.0]	[1500.0]	0.3707	0.1969	0.1739	0.0087	0.2885	0.3968	0.0	0.0	-1.0	1009269.625	36.7282	64	98.46153846153847	0.6309	51.1498	9.553	0.4805	5.07	6.94	6.94	1009.57	5940.68	5260.18	3487.45	591.8745	0.0	11.034	0.0	968234.0	0.0	45.0	58.0393	8.2974	103.7822	361.7449	257.0	145878.0	93.0	1028.0	300.1045	64.8732	35.5825	242.8088	229.0	29159.0	173.0	337.0	89.542
sub-11_run-01_dwi	1	[0.0, 1500.0]	[1500.0]	0.3859	0.2676	0.2808	0.0223	0.3047	0.4169	0.0	0.0	-1.0	446659.5625	21.255	64	98.46153846153847	0.8228	74.1301	10.1259	0.6143	2.99	2.76	2.76	1116.83	6435.59	5963.66	4160.72	624.5798	0.0	14.6021	0.0	945078.0	0.0	53.0	74.8099	8.1237	130.469	416.4177	279.0	169034.0	111.0	1224.0	362.7152	63.4911	50.4085	250.884	236.0	36390.0	154.0	357.0	111.9146
sub-120_run-01_dwi	1	[0.0, 1500.0]	[1500.0]	0.3988	0.2493	0.2697	0.037	0.2882	0.4203	0.0	0.0	35163.7227	17398.0527	30.588	64	98.46153846153847	0.522	39.289	10.8055	0.5082	5.82	4.56	4.56	1035.6	5721.51	5376.84	3720.33	481.3947	1.4826	11.1243	1.0	957547.0	0.0	44.0	44.2216	3.634	164.5688	466.0958	288.0	156565.0	88.0	1347.0	406.5204	29.3683	51.8911	243.8118	238.0	21352.0	157.0	334.0	76.0511
sub-121_run-01_dwi	1	[0.0, 1500.0]	[1500.0]	0.3592	0.1144	0.1115	0.0137	0.2957	0.4027	0.0	0.0	-1.0	483425.3438	35.3123	64	98.46153846153847	0.6506	44.4781	8.3472	0.6022	5.28	3.48	3.48	1107.94	6030.83	5852.3	3872.45	429.8382	0.0	9.6715	0.0	949016.0	0.0	36.0	47.7347	8.6185	112.6778	341.8639	226.0	165096.0	88.0	1007.0	300.705	61.81	35.5825	205.5069	193.0	23923.0	138.0	294.0	82.3381
sub-122_run-01_dwi	1	[0.0, 1500.0]	[1500.0]	0.0252	0.0145	0.0147	0.0027	0.289	0.4509	0.0	0.0	133489.25	7560.9492	2.0784	64	98.46153846153847	0.6518	1617.519	440.9206	19.1924	5.84	7.69	7.69	1218.95	6630.02	6384.33	4179.5	163.4785	85.9909	463.7099	58.0	929016.0	0.0	1894.0	1498.1549	0.3566	5697.6403	10331.6456	9814.0	185096.0	0.0	26111.0	7571.2387	9.9947	2037.0954	10423.2876	10101.0	25336.0	6886.0	15035.0	2995.7826
sub-123_run-01_dwi	1	[0.0, 1500.0]	[1500.0]	0.3699	0.2386	0.2485	0.0058	0.3125	0.4213	0.0	0.0	45100.0508	203543.1875	25.0417	64	98.46153846153847	0.8973	44.4781	11.7332	0.4734	6.22	5.56	5.56	1182.08	6531.04	5914.17	4163.54	280.0364	1.4826	14.8544	1.0	943789.0	0.0	46.0	72.9923	6.9597	126.0212	436.6589	304.0	170323.0	117.0	1259.0	358.9021	57.1034	47.4433	285.2914	269.0	35510.0	188.0	401.0	118.4119
sub-124_run-01_dwi	1	[0.0, 1500.0]	[1500.0]	0.0259	0.015	0.0148	0.0029	0.3051	0.4576	0.0	0.0	48223.2852	2450.8354	1.8501	64	98.46153846153847	0.8464	1724.2664	394.8964	22.5798	6.24	39.48	39.48	1221.28	6995.9	6122.74	4362.61	114.5201	100.817	578.0622	68.0	922765.0	0.0	2462.0	1807.1046	0.1819	6185.4165	10479.4611	9711.0	191347.0	0.0	26946.0	7866.7898	8.4082	2332.1333	10358.9944	10053.0	31659.0	6018.0	15251.0	3413.728
sub-125_run-01_dwi	1	[0.0, 1500.0]	[1500.0]	0.3675	0.2769	0.2936	0.0474	0.303	0.4112	0.0	0.0	-1.0	995546.0625	21.227	64	98.46153846153847	0.607	34.0999	12.3595	0.5713	7.82	6.99	6.99	1137.78	6500.99	5862.91	3793.57	1003.7945	0.0	12.7563	0.0	950766.0	0.0	50.0	68.3886	11.1362	115.643	421.4187	297.0	163346.0	120.0	1184.0	344.8482	88.1642	41.5129	270.6766	263.0	19001.0	187.0	358.0	79.4844
sub-126_run-01_dwi	1	[0.0, 1500.0]	[1500.0]	0.2678	0.1492	0.1583	0.004	0.2985	0.4113	0.0	0.0	16569.3672	68649.5469	23.3268	64	98.46153846153847	0.9606	37.0651	8.2927	0.6593	5.48	5.04	5.04	1189.47	6842.12	6234.09	4087.48	225.7285	1.4826	11.961	1.0	935772.0	0.0	44.0	56.4654	6.1295	163.0862	432.206	257.0	178340.0	103.0	1297.0	397.5538	49.437	42.9955	208.6456	198.0	24937.0	134.0	303.0	74.2635
sub-127_run-01_dwi	1	[0.0, 1500.0]	[1500.0]	0.3607	0.1969	0.1867	0.0182	0.3209	0.414	0.0	0.0	-1.0	681756.4375	35.2796	64	98.46153846153847	0.4734	42.9955	11.8138	0.5132	6.78	6.44	6.44	1258.26	6663.6	5949.52	3999.21	238.1478	0.0	12.7561	0.0	938693.0	0.0	52.0	56.375	13.5488	111.1952	419.6605	313.0	175419.0	116.0	1116.0	330.0212	95.8252	47.4433	304.3643	289.0	40431.0	219.0	408.0	110.6985
sub-129_run-01_dwi	1	[0.0, 1500.0]	[1500.0]	0.3467	0.0371	0.0047	0.0002	0.3171	0.4314	0.0	0.0	40296.1992	466957.625	9.6952	63	96.92307692307692	0.9364	53.3737	11.3027	0.5337	5.21	5.01	5.01	1246.14	6759.05	6462.1	4283.73	191.3996	1.4826	16.0902	1.0	934910.0	0.0	58.0	71.4136	3.0259	169.0167	509.237	324.0	179202.0	139.0	1445.0	421.6813	40.9714	56.3389	284.0987	272.0	35808.0	178.0	402.0	102.9433
sub-12_run-01_dwi	1	[0.0, 1500.0]	[1500.0]	0.3444	0.1986	0.2064	0.0312	0.3449	0.4595	0.0	0.0	27890.1035	60646.0625	34.1577	64	98.46153846153847	0.72	40.0303	10.9522	0.5396	6.47	6.33	6.33	1383.37	7492.58	7117.86	4650.88	249.868	1.4826	14.66	1.0	892398.0	0.0	55.0	62.0023	7.8306	120.0908	418.5879	272.0	221714.0	130.0	1240.0	365.3672	54.479	41.5129	243.712	233.0	48889.0	168.0	331.0	76.2376
sub-130_run-01_dwi	1	[0.0, 1500.0]	[1500.0]	0.2215	0.0834	0.0273	0.0008	0.3148	0.4505	0.0	0.0	32855.7773	17861.9707	9.6437	64	98.46153846153847	0.4382	1567.1105	449.4474	159.4815	6.88	4.28	4.28	1254.3	7655.19	5970.73	4510.03	137.8009	140.8472	530.6764	95.0	904555.0	0.0	1831.0	1801.8416	0.4081	4864.4179	11457.8407	10320.0	209557.0	0.0	26039.0	7150.7155	11.7797	1857.7006	9918.3709	9550.0	36246.0	6657.0	14370.0	2849.4338
sub-132_run-01_dwi	1	[0.0, 1500.0]	[1500.0]	0.0325	0.0165	0.0155	0.0041	0.3159	0.4324	0.0	0.0	347828.5938	155669.0625	1.7926	64	98.46153846153847	0.7954	1951.1045	451.9636	21.0294	5.45	8.96	8.96	1307.86	6653.0	6522.2	4068.7	158.9745	93.4039	450.8204	63.0	929604.0	0.0	2130.0	1499.4614	0.4699	4367.7461	11918.7682	11032.0	184508.0	0.0	26261.0	7068.6694	14.2198	1581.9366	10520.2601	10216.0	37062.0	7583.0	14038.0	2620.7761
sub-133_run-01_dwi	1	[0.0, 1500.0]	[1500.0]	0.376	0.2301	0.2535	0.0221	0.3018	0.4148	0.0	0.0	-1.0	379500.7812	53.8025	64	98.46153846153847	0.7863	34.0999	7.6989	0.593	5.92	10.42	10.42	1112.28	6640.62	6405.54	4150.39	224.1699	0.0	10.9632	0.0	921165.0	0.0	38.0	56.258	9.1045	96.3691	329.4743	202.0	192947.0	91.0	1031.0	328.1302	53.8944	35.5825	179.1972	169.0	40941.0	114.0	260.0	68.4757
sub-134_run-01_dwi	1	[0.0, 1500.0]	[1500.0]	0.048	0.0279	0.0273	0.0043	0.3151	0.4204	0.0	0.0	768531.25	264740.0	1.9053	64	98.46153846153847	0.8274	1933.3133	379.9952	17.0193	5.18	2.31	2.31	1222.71	6849.19	6158.09	4132.55	142.5998	0.0	454.6192	0.0	936446.0	0.0	1877.0	1706.6543	1.183	4019.3346	11018.8378	10015.0	177666.0	0.0	24513.0	6469.2733	12.8686	1857.7006	9825.3552	9545.0	39329.0	6468.0	13873.0	2952.9306
sub-135_run-01_dwi	1	[0.0, 1500.0]	[1500.0]	0.0393	0.0133	0.0117	0.0026	0.2719	0.4027	0.0	0.0	1339592.75	205382.0781	3.4657	64	98.46153846153847	0.8732	2919.2438	368.8733	21.6597	3.61	3.06	3.06	986.38	5855.84	5908.87	3891.23	163.9452	0.0	420.9336	0.0	954019.0	0.0	1640.0	1604.9876	0.8349	4862.9353	10078.7877	9188.0	160093.0	0.0	25663.0	7201.1388	9.4787	2139.395	9949.0677	9582.0	25377.0	6105.0	14703.0	3137.5893
sub-136_run-01_dwi	1	[0.0, 1500.0]	[1500.0]	0.0315	0.0169	0.0173	0.0026	0.2958	0.4648	0.0	0.0	96195.5625	6404.8174	2.5267	64	98.46153846153847	0.7794	1515.2195	514.8092	21.0021	5.86	37.97	37.97	1135.74	7190.33	5926.54	4341.01	121.8821	93.4039	574.606	63.0	931019.0	0.0	2226.0	1730.528	0.4651	5092.7386	10676.536	9673.0	183093.0	0.0	26089.0	7368.7172	14.9807	1790.9835	9181.3773	8846.0	39480.0	5979.0	13171.0	2874.5342
sub-137_run-01_dwi	1	[0.0, 1500.0]	[1500.0]	0.3603	0.2272	0.2329	0.0439	0.3234	0.4342	0.0	0.0	35344.1445	168472.1094	28.1944	64	98.46153846153847	0.8121	37.0651	10.5486	0.4941	5.63	5.61	5.61	1280.03	7398.9	6195.21	4527.87	178.9646	1.4826	16.2807	1.0	931555.0	0.0	52.0	77.5385	5.0613	128.9864	425.5408	281.0	182557.0	125.0	1224.0	353.7508	63.9668	48.9259	244.6892	236.0	20113.0	148.0	338.0	94.9928
sub-138_run-01_dwi	1	[0.0, 1500.0]	[1500.0]	0.1172	0.0426	0.0339	0.0056	0.2931	0.4434	0.0	0.0	231035.8281	11830.9736	3.5087	64	98.46153846153847	0.8805	1509.2891	408.3346	25.6057	6.05	8.11	8.11	1172.87	6840.36	6331.31	4328.8	117.7687	114.1604	535.5915	77.0	926852.0	0.0	2190.0	1882.2588	0.6227	5224.6902	9908.573	9316.0	187260.0	0.0	25841.0	7443.031	12.2954	1976.3088	9508.027	9239.0	23839.0	5874.0	13310.0	2942.8623
sub-139_run-01_dwi	1	[0.0, 1500.0]	[1500.0]	0.0237	0.0109	0.0102	0.0013	0.3216	0.4608	0.0	0.0	304897.1562	98072.7031	2.5044	64	98.46153846153847	0.8366	2056.3693	487.3664	166.3767	4.6	2.49	2.49	1345.91	6877.47	6780.26	4342.89	98.2988	0.0	643.968	0.0	929125.0	0.0	2651.0	1815.4288	-0.1937	6367.7765	11583.5498	11490.0	184987.0	0.0	27396.0	8057.6524	5.7632	2431.4676	12392.1035	11994.0	28417.0	7827.0	18557.0	3661.6016
sub-13_run-01_dwi	1	[0.0, 1500.0]	[1500.0]	0.0177	0.0068	0.0058	0.0005	0.3314	0.4726	0.0	0.0	356807.1562	114343.6484	1.4849	64	98.46153846153847	0.9023	2029.6824	491.6154	190.353	4.93	4.75	4.75	1446.99	7709.98	6907.52	4623.65	131.0843	0.0	515.3842	0.0	899043.0	0.0	2162.0	1621.1198	0.836	4381.0896	11023.1584	10017.0	215069.0	0.0	25729.0	6918.2724	11.3589	2029.6824	10045.572	9801.0	48792.0	6558.0	13981.0	2786.4549
sub-14_run-01_dwi	1	[0.0, 1500.0]	[1500.0]	0.3725	0.2522	0.2673	0.0064	0.3142	0.4248	0.0	0.0	-1.0	822136.625	15.7142	64	98.46153846153847	0.5517	47.4433	10.7389	0.5708	5.54	6.22	6.22	1262.13	6506.29	6085.62	4236.78	340.7782	0.0	11.1816	0.0	930898.0	0.0	42.0	57.5869	6.1129	117.1256	387.4257	265.0	183214.0	89.0	1123.0	322.3393	57.2375	48.9259	255.2271	241.0	26081.0	142.0	351.0	131.3435
sub-15_run-01_dwi	1	[0.0, 1500.0]	[1500.0]	0.1742	0.0879	0.085	0.0133	0.3543	0.4391	0.0	0.0	35621.168	200091.0938	8.2854	64	98.46153846153847	0.8051	56.3389	9.8188	0.5138	5.39	5.21	5.21	1541.79	7450.16	7047.16	4786.1	109.3087	1.4826	23.0602	1.0	905857.0	0.0	75.0	104.4161	4.1094	137.882	440.3579	293.0	208255.0	124.0	1203.0	352.2397	29.8761	60.7867	268.0638	249.0	27582.0	94.0	480.0	166.9224
sub-16_run-01_dwi	1	[0.0, 1500.0]	[1500.0]	0.3486	0.1702	0.1431	0.013	0.3607	0.4745	0.0	0.0	32422.2617	88255.4453	39.6111	31	96.875	0.9074	35.5825	11.3581	4.4023	6.43	5.79	5.79	2327.58	14612.53	14120.66	9681.7	161.7234	1.4826	16.1195	1.0	895972.0	0.0	59.0	59.8665	8.708	118.6082	393.9405	266.0	218140.0	134.0	1085.0	320.0315	67.1005	40.0303	239.357	228.0	43922.0	163.0	327.0	88.6194
sub-17_run-01_dwi	1	[0.0, 1500.0]	[1500.0]	0.3716	0.0881	0.1019	0.0108	0.3091	0.4219	0.0	0.0	-1.0	350688.2812	15.6374	64	98.46153846153847	0.6406	45.9607	10.8761	0.0	5.66	6.82	6.82	1148.79	6552.25	6046.73	4008.6	411.2268	0.0	12.0724	0.0	934228.0	0.0	48.0	62.4936	4.7097	109.7126	410.4105	273.0	179884.0	94.0	1259.0	351.1527	85.8615	37.0651	253.6435	245.0	38105.0	181.0	329.0	78.3442
sub-18_run-01_dwi	1	[0.0, 1500.0]	[1500.0]	0.2574	0.0995	0.1202	0.0083	0.327	0.4366	0.0	0.0	-1.0	201872.7969	12.5924	64	98.46153846153847	0.8599	29.652	11.0317	0.5972	7.8	7.62	7.62	1337.79	6995.9	6746.68	4432.09	421.9853	0.0	12.6063	0.0	911034.0	0.0	51.0	61.2747	5.5499	131.9516	425.9313	279.0	203078.0	111.0	1259.0	363.8689	47.7107	45.9607	248.0448	233.0	28129.0	166.0	355.0	92.8008
sub-19_run-01_dwi	1	[0.0, 1500.0]	[1500.0]	0.3359	0.2141	0.2233	0.0311	0.3493	0.4561	0.0	0.0	-1.0	444149.0312	29.1708	64	98.46153846153847	0.2909	38.5477	12.7553	4.9151	6.35	6.8	6.8	1371.14	7347.64	6730.77	4366.36	242.1568	0.0	16.1236	0.0	912651.0	0.0	61.0	67.9137	12.6163	115.643	382.6554	275.0	201461.0	126.0	1057.0	307.41	89.0689	41.5129	251.7256	236.0	45357.0	172.0	353.0	110.8866
sub-20_run-01_dwi	1	[0.0, 1500.0]	[1500.0]	0.3641	0.2244	0.2343	0.0045	0.3358	0.435	0.0	0.0	-1.0	210006.375	38.1231	64	98.46153846153847	0.9109	57.8215	12.6406	0.6519	6.02	4.4	4.4	1299.66	7246.89	6569.92	4609.56	221.2908	0.0	17.7307	0.0	919784.0	0.0	73.0	70.0917	4.2292	151.2254	489.6938	319.0	194328.0	138.0	1397.0	405.0978	60.8505	50.4085	298.7912	276.0	32828.0	195.0	420.0	144.7698
sub-21_run-01_dwi	1	[0.0, 1500.0]	[1500.0]	0.3919	0.2329	0.2217	0.0349	0.3014	0.4043	0.0	0.0	-1.0	969319.375	40.2438	64	98.46153846153847	0.5952	53.3737	11.866	0.6653	5.89	5.8	5.8	1111.79	6347.21	5852.3	3848.03	257.5192	0.0	11.4431	0.0	947651.0	0.0	45.0	55.6191	10.9535	124.5386	408.5218	285.0	166461.0	111.0	1163.0	343.4436	52.4084	47.4433	281.5816	255.0	28922.0	181.0	415.0	158.4948
sub-22_run-01_dwi	1	[0.0, 1500.0]	[1500.0]	0.3796	0.2572	0.2608	0.0138	0.2982	0.3963	0.0	0.0	-1.0	1090880.75	38.1193	64	98.46153846153847	0.659	32.6172	8.9653	0.4861	6.7	5.76	5.76	1169.61	6805.01	5725.04	3853.67	1105.4036	0.0	10.2363	0.0	940310.0	0.0	43.0	61.7615	13.3893	108.23	369.7933	256.0	173802.0	101.0	1082.0	321.9352	61.0127	42.9955	241.4979	227.0	30075.0	164.0	339.0	94.2069
sub-23_run-01_dwi	1	[0.0, 1500.0]	[1500.0]	0.3814	0.2619	0.2875	0.0148	0.3136	0.417	0.0	0.0	-1.0	1848165.25	21.8787	64	98.46153846153847	0.7984	50.4085	15.0516	0.8482	7.16	5.99	5.99	1161.86	6817.38	6101.53	4288.42	734.7583	0.0	19.0147	0.0	932177.0	0.0	74.0	102.3073	5.7107	145.295	516.6775	343.0	181935.0	145.0	1599.0	445.6629	71.8834	53.3737	312.028	296.0	47688.0	194.0	430.0	139.92
sub-24_run-01_dwi	1	[0.0, 1500.0]	[1500.0]	0.3969	0.2403	0.2609	0.0513	0.305	0.4063	0.0	0.0	24035.4375	387533.875	46.9439	64	98.46153846153847	0.2084	40.0303	10.8141	0.6041	5.92	6.21	6.21	1196.8	6686.58	5933.61	3764.46	623.3131	1.4826	12.161	1.0	940882.0	0.0	51.0	59.4031	6.0442	126.0212	419.7203	283.0	173230.0	99.0	1239.0	363.0335	24.4381	45.9607	264.5959	254.0	28130.0	180.0	370.0	80.4951
sub-25_run-01_dwi	1	[0.0, 1500.0]	[1500.0]	0.3762	0.1518	0.1283	0.0033	0.312	0.4171	0.0	0.0	-1.0	454118.125	34.3333	64	98.46153846153847	0.6721	42.2542	10.7481	0.5757	5.62	5.99	5.99	1198.87	6458.57	5758.63	3998.27	273.7387	0.0	10.8754	0.0	940918.0	0.0	43.0	51.8609	11.1827	109.7126	346.5401	251.0	173194.0	76.0	931.0	288.4927	59.3344	41.5129	238.0365	225.0	37370.0	157.0	341.0	95.9678
sub-26_run-01_dwi	1	[0.0, 1500.0]	[1500.0]	0.2434	0.1298	0.1746	0.0038	0.3116	0.4109	0.0	0.0	-1.0	581711.3125	34.3453	64	98.46153846153847	0.6636	47.4433	11.3381	0.7237	5.68	9.02	9.02	1205.26	6661.84	5816.95	3847.09	276.2779	0.0	12.2756	0.0	941599.0	0.0	51.0	55.7477	13.3729	140.8472	429.9675	300.0	172513.0	118.0	1175.0	348.4069	61.1085	50.4085	283.2578	263.0	35234.0	188.0	406.0	131.0912
sub-27_run-01_dwi	1	[0.0, 1500.0]	[1500.0]	0.3804	0.1808	0.1762	0.0162	0.3232	0.439	0.0	0.0	22855.2754	98068.2031	44.0634	64	98.46153846153847	0.9286	42.9955	11.4787	0.6391	5.57	5.33	5.33	1289.0	6971.15	6630.02	4447.12	166.6331	1.4826	16.852	1.0	924324.0	0.0	63.0	75.2719	5.7466	155.6732	468.3045	292.0	189788.0	137.0	1359.0	406.7087	54.0656	40.0303	234.6259	222.0	35069.0	161.0	326.0	80.6382
sub-28_run-01_dwi	1	[0.0, 1500.0]	[1500.0]	0.0263	0.012	0.0121	0.0026	0.3194	0.4378	0.0	0.0	1118944.75	267272.6562	1.9665	64	98.46153846153847	0.6337	2741.3315	490.0051	26.8968	3.99	4.28	4.28	1335.37	7052.46	6377.26	4247.11	122.7731	0.0	495.6581	0.0	922495.0	0.0	2331.0	1610.1196	0.4695	4649.4406	11850.4246	11095.0	191617.0	0.0	25969.0	7015.2411	10.6075	1909.5917	11017.4091	10694.0	45267.0	7476.0	15438.0	3116.2509
sub-29_run-01_dwi	1	[0.0, 1500.0]	[1500.0]	0.382	0.2061	0.21	0.0812	0.3147	0.4014	0.0	0.0	-1.0	1784709.375	33.2352	64	98.46153846153847	0.5237	40.0303	9.6649	0.5885	6.73	8.0	8.0	1251.11	6612.34	6308.33	4088.42	265.9697	0.0	12.4201	0.0	932354.0	0.0	50.0	63.6669	9.356	118.6082	385.4332	275.0	181758.0	96.0	1080.0	323.6935	65.8369	45.9607	259.811	246.0	41669.0	178.0	364.0	91.8777
sub-30_run-01_dwi	1	[0.0, 1500.0]	[1500.0]	0.3765	0.1845	0.1842	0.0216	0.3286	0.4337	0.0	0.0	-1.0	965823.3125	32.8568	64	98.46153846153847	0.3712	35.5825	11.1569	0.0	6.39	6.92	6.92	1340.84	7609.23	6181.07	4389.84	257.8176	0.0	12.3881	0.0	914921.0	0.0	47.0	63.0689	8.8561	115.643	363.6353	253.0	199191.0	84.0	1008.0	306.224	109.2557	37.0651	235.3182	222.0	27438.0	157.0	334.0	92.5187
sub-31_run-01_dwi	1	[0.0, 1500.0]	[1500.0]	0.407	0.2304	0.2115	0.084	0.3496	0.4487	0.0	0.0	-1.0	192261.8438	51.3974	64	98.46153846153847	0.8485	40.0303	10.0453	3.9856	6.93	6.24	6.24	1484.67	7798.36	7241.59	4727.88	150.8358	0.0	16.9779	0.0	895095.0	0.0	62.0	75.1546	9.0658	126.0212	417.8893	278.0	219017.0	124.0	1179.0	353.205	65.0909	47.4433	263.5016	246.0	49327.0	178.0	372.0	106.5857
sub-32_run-01_dwi	1	[0.0, 1500.0]	[1500.0]	0.0278	0.0177	0.0189	0.0015	0.3071	0.448	0.0	0.0	459029.75	39892.6836	2.043	64	98.46153846153847	0.9306	1319.516	442.7844	20.8949	7.16	7.24	7.24	1248.46	6951.71	6663.6	4502.52	103.8345	93.4039	556.9	63.0	919491.0	0.0	2531.0	1785.9545	0.4528	4879.2439	10900.5668	10193.0	194621.0	0.0	26272.0	7375.2181	14.0358	1688.6839	10262.9811	10003.0	38208.0	7088.0	13927.0	2803.746
sub-33_run-01_dwi	1	[0.0, 1500.0]	[1500.0]	0.0334	0.0204	0.0204	0.0017	0.3013	0.4244	0.0	0.0	2202026.25	436662.0625	2.3135	64	98.46153846153847	0.259	2244.6598	456.1728	21.2616	4.37	3.99	3.99	1188.47	6624.72	5875.28	4013.3	164.8453	0.0	410.7777	0.0	940933.0	0.0	1828.0	1448.606	1.1168	4019.3346	10907.386	9904.0	173179.0	0.0	24793.0	6577.9188	10.6513	1962.9653	9713.1552	9589.0	24954.0	5741.0	13501.0	2953.2587
sub-34_run-01_dwi	1	[0.0, 1500.0]	[1500.0]	0.0255	0.0133	0.0129	0.0027	0.2932	0.4259	0.0	0.0	2910752.0	745598.5625	1.6075	64	98.46153846153847	0.5518	1825.0833	426.2945	22.5854	5.41	4.34	4.34	1155.7	6928.73	5915.94	4047.1	204.3101	0.0	369.8874	0.0	931509.0	0.0	1710.0	1291.1125	0.466	4873.3135	11016.5388	9649.0	182603.0	0.0	26615.0	7346.4139	12.4197	1832.4963	9658.692	9303.0	37459.0	6430.0	13754.0	2819.0651
sub-35_run-01_dwi	1	[0.0, 1500.0]	[1500.0]	0.0359	0.0148	0.0153	0.0011	0.3126	0.4521	0.0	0.0	599122.0	93830.0859	2.088	64	98.46153846153847	0.5888	1642.7233	450.1022	21.4517	5.91	6.94	6.94	1286.38	7284.01	6615.88	4525.99	114.7064	0.0	566.1889	0.0	913883.0	0.0	2607.0	1785.076	0.6178	4929.6524	10427.3395	9586.0	200229.0	0.0	25759.0	7285.2873	13.8938	1742.0576	9875.4823	9586.0	35476.0	6586.0	13760.0	2830.082
sub-36_run-01_dwi	1	[0.0, 1500.0]	[1500.0]	0.0454	0.0319	0.0335	0.0061	0.3302	0.4732	0.0	0.0	403221.7812	32728.4355	2.0914	64	98.46153846153847	0.809	1823.6007	456.8987	192.6293	5.78	6.36	6.36	1504.1	8063.49	6836.82	4599.23	104.647	93.4039	591.203	63.0	900290.0	0.0	2457.0	1794.3797	0.2765	5180.2122	11226.5076	10282.0	213822.0	0.0	26835.0	7530.6077	9.3804	2111.2256	10560.9521	10215.0	41299.0	6854.0	15129.0	3091.5197
sub-37_run-01_dwi	1	[0.0, 1500.0]	[1500.0]	0.0667	0.0297	0.0276	0.0061	0.3166	0.4358	0.0	0.0	4788153.0	1249839.875	2.3504	64	98.46153846153847	0.6222	2121.6038	452.8752	20.5052	5.04	9.08	9.08	1289.84	7147.91	6195.21	4281.85	167.6445	0.0	396.543	0.0	914962.0	0.0	1927.0	1377.6534	1.3706	3687.2317	10699.231	9822.0	199150.0	0.0	24307.0	6406.5224	13.341	1841.392	10053.2024	9760.0	46219.0	6900.0	13863.0	2801.7432
sub-38_run-01_dwi	1	[0.0, 1500.0]	[1500.0]	0.0344	0.0196	0.0206	0.0038	0.2874	0.4156	0.0	0.0	2281250.25	501462.625	2.1415	64	98.46153846153847	0.8583	1580.454	375.5077	19.5629	6.24	14.77	14.77	1128.93	6320.7	6248.23	4059.31	149.2993	0.0	431.7888	0.0	934648.0	0.0	2014.0	1523.6238	0.7002	4573.8278	10429.4972	9780.0	179464.0	0.0	25194.0	7093.6431	14.1792	1669.4101	10021.414	9662.0	32707.0	6995.0	13932.0	2894.595
sub-39_run-01_dwi	1	[0.0, 1500.0]	[1500.0]	0.0211	0.0092	0.0086	0.0013	0.275	0.4111	0.0	0.0	601296.125	63712.6055	1.993	64	98.46153846153847	0.4877	1432.1937	423.1637	20.3567	6.36	8.05	8.05	1023.43	6108.6	5449.31	3756.01	146.2742	90.4387	444.6085	61.0	960830.0	0.0	2052.0	1580.5092	0.4606	5101.6342	10667.415	9777.0	153282.0	0.0	26075.0	7376.5452	14.8448	1610.106	9940.2261	9656.0	22913.0	6941.0	13641.0	2755.5062
sub-40_run-01_dwi	1	[0.0, 1500.0]	[1500.0]	0.0409	0.0185	0.0169	0.0016	0.3118	0.4185	0.0	0.0	1254205.5	744098.25	1.8561	64	98.46153846153847	0.6047	1927.3829	426.0398	20.726	5.52	6.0	6.0	1191.07	6432.06	6071.48	3843.34	148.3642	0.0	435.9744	0.0	945336.0	0.0	1918.0	1606.3828	0.9559	4040.091	11349.6418	10215.0	168776.0	0.0	25507.0	6681.8776	12.8304	1746.5054	10115.2854	9783.0	40593.0	7118.0	13868.0	2742.8248
sub-41_run-01_dwi	1	[0.0, 1500.0]	[1500.0]	0.064	0.0244	0.0223	0.0034	0.2966	0.4195	0.0	0.0	4721553.0	771122.75	2.284	64	98.46153846153847	0.7013	2029.6824	473.7448	30.1251	5.3	18.41	18.41	1244.03	6539.88	6029.06	3853.67	193.3187	0.0	388.1486	0.0	938612.0	0.0	1916.0	1267.5091	0.1612	5146.1123	11864.7133	11322.0	175500.0	0.0	26751.0	7456.0283	9.3253	2035.6128	11544.4079	11231.0	14263.0	7577.0	15885.0	3119.0524
sub-42_run-01_dwi	1	[0.0, 1500.0]	[1500.0]	0.0229	0.0142	0.0144	0.003	0.3083	0.4112	0.0	0.0	4212935.5	2005545.875	1.6445	64	98.46153846153847	0.2065	1528.5629	401.6953	18.9246	7.5	8.52	8.52	1242.76	6792.63	5809.88	3941.93	164.6725	0.0	405.5623	0.0	938576.0	0.0	1948.0	1452.0775	0.8239	4078.6387	11491.0486	10607.0	175536.0	0.0	24999.0	6644.6301	14.4575	1530.0455	10524.2615	10149.0	40320.0	7681.0	14333.0	2818.791
sub-43_run-01_dwi	1	[0.0, 1500.0]	[1500.0]	0.0564	0.0245	0.0247	0.003	0.328	0.4506	0.0	0.0	555698.0625	126333.8359	1.6291	64	98.46153846153847	0.7431	1492.9804	391.0383	20.3131	6.19	4.49	4.49	1306.0	6978.22	6647.7	4449.93	119.9708	0.0	526.9845	0.0	920030.0	0.0	2331.0	1754.3786	0.7779	4296.5812	11064.0965	9578.0	194082.0	0.0	26148.0	7003.1268	17.7689	1587.867	8980.5727	8633.0	41753.0	6363.0	12538.0	2440.6171
sub-44_run-01_dwi	1	[0.0, 1500.0]	[1500.0]	0.0364	0.0172	0.0167	0.0011	0.3322	0.4798	0.0	0.0	117284.7578	15517.6191	2.1695	64	98.46153846153847	0.7686	1888.8352	445.8191	181.317	5.33	5.46	5.46	1346.25	7487.27	6863.33	4639.61	91.48	100.817	676.682	68.0	908921.0	0.0	2681.0	1977.0263	0.7232	4382.5722	11063.8442	9906.0	205191.0	0.0	26005.0	7046.5517	13.5039	1838.4268	10058.7101	9838.0	37662.0	6877.0	13828.0	2729.0599
sub-45_run-01_dwi	1	[0.0, 1500.0]	[1500.0]	0.0126	0.0053	0.0048	0.0002	0.3365	0.4658	0.0	0.0	266754.5312	71616.2031	2.2523	64	98.46153846153847	0.5896	2012.6325	461.036	174.564	5.47	3.86	3.86	1411.03	7494.34	6638.86	4541.95	124.3778	0.0	545.7074	0.0	912540.0	0.0	2315.0	1595.3223	0.3728	4714.6751	11943.795	10923.0	201572.0	0.0	26616.0	7185.3236	9.7036	1964.4479	10850.7555	10659.0	42147.0	7282.0	14698.0	2801.7448
sub-46_run-01_dwi	1	[0.0, 1500.0]	[1500.0]	0.0772	0.0166	0.0149	0.0033	0.315	0.4691	0.0	0.0	91326.6797	6299.6812	2.5104	64	98.46153846153847	0.911	1836.9441	435.8921	156.3114	5.52	7.16	7.16	1245.06	7119.63	6520.43	4346.64	121.3542	88.9561	560.7829	60.0	919339.0	0.0	2007.0	1804.4089	0.4977	4728.0185	10911.3801	10216.0	194773.0	0.0	26185.0	7317.9352	9.6972	2185.3557	10482.1371	10334.0	29408.0	6731.0	14410.0	2959.7106
sub-47_run-01_dwi	1	[0.0, 1500.0]	[1500.0]	0.0293	0.0195	0.0198	0.0018	0.2884	0.4177	0.0	0.0	1582241.5	515522.3438	2.788	64	98.46153846153847	0.4806	1747.2467	476.7838	22.0989	5.27	15.62	15.62	1140.6	6852.73	6021.99	3904.37	113.1373	0.0	489.5634	0.0	942019.0	0.0	2152.0	1786.1281	0.6726	4392.9504	11146.8386	10230.0	172093.0	0.0	25308.0	6912.7334	13.1191	1796.9139	10414.1688	10029.0	34648.0	7338.0	14606.0	2881.6021
sub-48_run-01_dwi	1	[0.0, 1500.0]	[1500.0]	0.0479	0.0274	0.0287	0.002	0.3089	0.4413	0.0	0.0	709761.25	120115.3203	2.1105	64	98.46153846153847	0.5626	1753.9184	444.2948	10.3035	5.47	5.08	5.08	1215.43	6949.94	6029.06	4200.16	202.5906	0.0	394.6768	0.0	918353.0	0.0	1682.0	1286.4504	0.94	4341.0593	10680.0895	9531.0	195759.0	0.0	25107.0	6764.9207	14.5115	1758.3662	9379.3647	9094.0	39004.0	6291.0	13082.0	2687.4437
